11:08:23 INFO  : Registering command handlers for SDK TCF services
11:08:24 INFO  : Launching XSCT server: xsct.bat -interactive C:\Users\Student\Desktop\152BFall25\CSM152B\Lab_3_3\Lab_3_3.sdk\temp_xsdb_launch_script.tcl
11:08:28 INFO  : XSCT server has started successfully.
11:08:28 INFO  : Successfully done setting XSCT server connection channel  
11:08:31 INFO  : Successfully done setting SDK workspace  
11:08:31 INFO  : Processing command line option -hwspec C:/Users/Student/Desktop/152BFall25/CSM152B/Lab_3_3/Lab_3_3.sdk/design_1_wrapper.hdf.
11:12:44 INFO  : Connected to target on host '127.0.0.1' and port '3121'.
11:12:44 INFO  : 'targets -set -filter {jtag_cable_name =~ "Digilent Basys3 210183B31B4FA" && level==0} -index 0' command is executed.
11:12:45 INFO  : FPGA configured successfully with bitstream "C:/Users/Student/Desktop/152BFall25/CSM152B/Lab_3_3/Lab_3_3.sdk/design_1_wrapper_hw_platform_0/download.bit"
11:13:24 INFO  : 'targets -set -filter {jtag_cable_name =~ "Digilent Basys3 210183B31B4FA" && level==0} -index 0' command is executed.
11:13:24 INFO  : 'fpga -state' command is executed.
11:13:24 INFO  : Connected to target on host '127.0.0.1' and port '3121'.
11:13:24 INFO  : Jtag cable 'Digilent Basys3 210183B31B4FA' is selected.
11:13:24 INFO  : 'jtag frequency' command is executed.
11:13:24 INFO  : 'configparams mdm-detect-bscan-mask 2' command is executed.
11:13:25 INFO  : Context for processor 'microblaze_0' is selected.
11:13:25 INFO  : Processor reset is completed for 'microblaze_0'.
11:13:25 INFO  : Context for processor 'microblaze_0' is selected.
11:13:25 INFO  : The application 'C:/Users/Student/Desktop/152BFall25/CSM152B/Lab_3_3/Lab_3_3.sdk/ipi-gsg/Debug/ipi-gsg.elf' is downloaded to processor 'microblaze_0'.
11:13:25 INFO  : ----------------XSDB Script----------------
connect -url tcp:127.0.0.1:3121
configparams mdm-detect-bscan-mask 2
targets -set -nocase -filter {name =~ "microblaze*#0" && bscan=="USER2"  && jtag_cable_name =~ "Digilent Basys3 210183B31B4FA"} -index 0
rst -processor
targets -set -nocase -filter {name =~ "microblaze*#0" && bscan=="USER2"  && jtag_cable_name =~ "Digilent Basys3 210183B31B4FA"} -index 0
dow C:/Users/Student/Desktop/152BFall25/CSM152B/Lab_3_3/Lab_3_3.sdk/ipi-gsg/Debug/ipi-gsg.elf
----------------End of Script----------------

11:13:25 INFO  : Memory regions updated for context PA
11:13:25 INFO  : Memory regions updated for context PA
11:13:25 INFO  : Context for processor 'microblaze_0' is selected.
11:13:25 INFO  : 'con' command is executed.
11:13:25 INFO  : ----------------XSDB Script (After Launch)----------------
targets -set -nocase -filter {name =~ "microblaze*#0" && bscan=="USER2"  && jtag_cable_name =~ "Digilent Basys3 210183B31B4FA"} -index 0
con
----------------End of Script----------------

11:13:25 INFO  : Launch script is exported to file 'C:\Users\Student\Desktop\152BFall25\CSM152B\Lab_3_3\Lab_3_3.sdk\.sdk\launch_scripts\xilinx_c-c++_application_(system_debugger)\system_debugger_using_debug_ipi-gsg.elf_on_local.tcl'
11:20:35 INFO  : Connected to target on host '127.0.0.1' and port '3121'.
11:32:12 INFO  : Disconnected from the channel tcfchan#1.
11:32:13 INFO  : 'targets -set -filter {jtag_cable_name =~ "Digilent Basys3 210183B31B4FA" && level==0} -index 0' command is executed.
11:32:13 INFO  : 'fpga -state' command is executed.
11:32:13 INFO  : Connected to target on host '127.0.0.1' and port '3121'.
11:32:14 INFO  : Jtag cable 'Digilent Basys3 210183B31B4FA' is selected.
11:32:14 INFO  : 'jtag frequency' command is executed.
11:32:14 INFO  : 'configparams mdm-detect-bscan-mask 2' command is executed.
11:32:14 INFO  : Context for processor 'microblaze_0' is selected.
11:32:14 INFO  : Processor reset is completed for 'microblaze_0'.
11:32:14 INFO  : Context for processor 'microblaze_0' is selected.
11:32:14 INFO  : The application 'C:/Users/Student/Desktop/152BFall25/CSM152B/Lab_3_3/Lab_3_3.sdk/ipi-gsg/Debug/ipi-gsg.elf' is downloaded to processor 'microblaze_0'.
11:32:14 INFO  : ----------------XSDB Script----------------
connect -url tcp:127.0.0.1:3121
configparams mdm-detect-bscan-mask 2
targets -set -nocase -filter {name =~ "microblaze*#0" && bscan=="USER2"  && jtag_cable_name =~ "Digilent Basys3 210183B31B4FA"} -index 0
rst -processor
targets -set -nocase -filter {name =~ "microblaze*#0" && bscan=="USER2"  && jtag_cable_name =~ "Digilent Basys3 210183B31B4FA"} -index 0
dow C:/Users/Student/Desktop/152BFall25/CSM152B/Lab_3_3/Lab_3_3.sdk/ipi-gsg/Debug/ipi-gsg.elf
----------------End of Script----------------

11:32:14 INFO  : Memory regions updated for context PA
11:32:14 INFO  : Memory regions updated for context PA
11:32:14 INFO  : Context for processor 'microblaze_0' is selected.
11:32:14 INFO  : 'con' command is executed.
11:32:14 INFO  : ----------------XSDB Script (After Launch)----------------
targets -set -nocase -filter {name =~ "microblaze*#0" && bscan=="USER2"  && jtag_cable_name =~ "Digilent Basys3 210183B31B4FA"} -index 0
con
----------------End of Script----------------

11:32:14 INFO  : Launch script is exported to file 'C:\Users\Student\Desktop\152BFall25\CSM152B\Lab_3_3\Lab_3_3.sdk\.sdk\launch_scripts\xilinx_c-c++_application_(system_debugger)\system_debugger_using_debug_ipi-gsg.elf_on_local.tcl'
11:33:05 INFO  : Disconnected from the channel tcfchan#2.
11:33:06 INFO  : 'targets -set -filter {jtag_cable_name =~ "Digilent Basys3 210183B31B4FA" && level==0} -index 0' command is executed.
11:33:06 INFO  : 'fpga -state' command is executed.
11:33:06 INFO  : Connected to target on host '127.0.0.1' and port '3121'.
11:33:06 INFO  : Jtag cable 'Digilent Basys3 210183B31B4FA' is selected.
11:33:06 INFO  : 'jtag frequency' command is executed.
11:33:06 INFO  : 'configparams mdm-detect-bscan-mask 2' command is executed.
11:33:06 INFO  : Context for processor 'microblaze_0' is selected.
11:33:06 INFO  : Processor reset is completed for 'microblaze_0'.
11:33:06 INFO  : Context for processor 'microblaze_0' is selected.
11:33:06 INFO  : The application 'C:/Users/Student/Desktop/152BFall25/CSM152B/Lab_3_3/Lab_3_3.sdk/ipi-gsg/Debug/ipi-gsg.elf' is downloaded to processor 'microblaze_0'.
11:33:06 INFO  : ----------------XSDB Script----------------
connect -url tcp:127.0.0.1:3121
configparams mdm-detect-bscan-mask 2
targets -set -nocase -filter {name =~ "microblaze*#0" && bscan=="USER2"  && jtag_cable_name =~ "Digilent Basys3 210183B31B4FA"} -index 0
rst -processor
targets -set -nocase -filter {name =~ "microblaze*#0" && bscan=="USER2"  && jtag_cable_name =~ "Digilent Basys3 210183B31B4FA"} -index 0
dow C:/Users/Student/Desktop/152BFall25/CSM152B/Lab_3_3/Lab_3_3.sdk/ipi-gsg/Debug/ipi-gsg.elf
----------------End of Script----------------

11:33:07 INFO  : Memory regions updated for context PA
11:33:07 INFO  : Memory regions updated for context PA
11:33:07 INFO  : Context for processor 'microblaze_0' is selected.
11:33:07 INFO  : 'con' command is executed.
11:33:07 INFO  : ----------------XSDB Script (After Launch)----------------
targets -set -nocase -filter {name =~ "microblaze*#0" && bscan=="USER2"  && jtag_cable_name =~ "Digilent Basys3 210183B31B4FA"} -index 0
con
----------------End of Script----------------

11:33:07 INFO  : Launch script is exported to file 'C:\Users\Student\Desktop\152BFall25\CSM152B\Lab_3_3\Lab_3_3.sdk\.sdk\launch_scripts\xilinx_c-c++_application_(system_debugger)\system_debugger_using_debug_ipi-gsg.elf_on_local.tcl'
11:33:34 INFO  : Disconnected from the channel tcfchan#3.
11:33:35 INFO  : 'targets -set -filter {jtag_cable_name =~ "Digilent Basys3 210183B31B4FA" && level==0} -index 0' command is executed.
11:33:35 INFO  : 'fpga -state' command is executed.
11:33:35 INFO  : Connected to target on host '127.0.0.1' and port '3121'.
11:33:35 INFO  : Jtag cable 'Digilent Basys3 210183B31B4FA' is selected.
11:33:35 INFO  : 'jtag frequency' command is executed.
11:33:35 INFO  : 'configparams mdm-detect-bscan-mask 2' command is executed.
11:33:36 INFO  : Context for processor 'microblaze_0' is selected.
11:33:36 INFO  : Processor reset is completed for 'microblaze_0'.
11:33:36 INFO  : Context for processor 'microblaze_0' is selected.
11:33:36 INFO  : The application 'C:/Users/Student/Desktop/152BFall25/CSM152B/Lab_3_3/Lab_3_3.sdk/ipi-gsg/Debug/ipi-gsg.elf' is downloaded to processor 'microblaze_0'.
11:33:36 INFO  : ----------------XSDB Script----------------
connect -url tcp:127.0.0.1:3121
configparams mdm-detect-bscan-mask 2
targets -set -nocase -filter {name =~ "microblaze*#0" && bscan=="USER2"  && jtag_cable_name =~ "Digilent Basys3 210183B31B4FA"} -index 0
rst -processor
targets -set -nocase -filter {name =~ "microblaze*#0" && bscan=="USER2"  && jtag_cable_name =~ "Digilent Basys3 210183B31B4FA"} -index 0
dow C:/Users/Student/Desktop/152BFall25/CSM152B/Lab_3_3/Lab_3_3.sdk/ipi-gsg/Debug/ipi-gsg.elf
----------------End of Script----------------

11:33:36 INFO  : Memory regions updated for context PA
11:33:36 INFO  : Memory regions updated for context PA
11:33:36 INFO  : Context for processor 'microblaze_0' is selected.
11:33:36 INFO  : 'con' command is executed.
11:33:36 INFO  : ----------------XSDB Script (After Launch)----------------
targets -set -nocase -filter {name =~ "microblaze*#0" && bscan=="USER2"  && jtag_cable_name =~ "Digilent Basys3 210183B31B4FA"} -index 0
con
----------------End of Script----------------

11:33:36 INFO  : Launch script is exported to file 'C:\Users\Student\Desktop\152BFall25\CSM152B\Lab_3_3\Lab_3_3.sdk\.sdk\launch_scripts\xilinx_c-c++_application_(system_debugger)\system_debugger_using_debug_ipi-gsg.elf_on_local.tcl'
11:39:47 INFO  : Disconnected from the channel tcfchan#4.
11:39:49 INFO  : 'targets -set -filter {jtag_cable_name =~ "Digilent Basys3 210183B31B4FA" && level==0} -index 0' command is executed.
11:39:49 INFO  : 'fpga -state' command is executed.
11:39:49 INFO  : Connected to target on host '127.0.0.1' and port '3121'.
11:39:49 INFO  : Jtag cable 'Digilent Basys3 210183B31B4FA' is selected.
11:39:49 INFO  : 'jtag frequency' command is executed.
11:39:49 INFO  : 'configparams mdm-detect-bscan-mask 2' command is executed.
11:39:49 INFO  : Context for processor 'microblaze_0' is selected.
11:39:49 INFO  : Processor reset is completed for 'microblaze_0'.
11:39:49 INFO  : Context for processor 'microblaze_0' is selected.
11:39:49 INFO  : The application 'C:/Users/Student/Desktop/152BFall25/CSM152B/Lab_3_3/Lab_3_3.sdk/ipi-gsg/Debug/ipi-gsg.elf' is downloaded to processor 'microblaze_0'.
11:39:49 INFO  : ----------------XSDB Script----------------
connect -url tcp:127.0.0.1:3121
configparams mdm-detect-bscan-mask 2
targets -set -nocase -filter {name =~ "microblaze*#0" && bscan=="USER2"  && jtag_cable_name =~ "Digilent Basys3 210183B31B4FA"} -index 0
rst -processor
targets -set -nocase -filter {name =~ "microblaze*#0" && bscan=="USER2"  && jtag_cable_name =~ "Digilent Basys3 210183B31B4FA"} -index 0
dow C:/Users/Student/Desktop/152BFall25/CSM152B/Lab_3_3/Lab_3_3.sdk/ipi-gsg/Debug/ipi-gsg.elf
----------------End of Script----------------

11:39:49 INFO  : Memory regions updated for context PA
11:39:49 INFO  : Memory regions updated for context PA
11:39:49 INFO  : Context for processor 'microblaze_0' is selected.
11:39:49 INFO  : 'con' command is executed.
11:39:49 INFO  : ----------------XSDB Script (After Launch)----------------
targets -set -nocase -filter {name =~ "microblaze*#0" && bscan=="USER2"  && jtag_cable_name =~ "Digilent Basys3 210183B31B4FA"} -index 0
con
----------------End of Script----------------

11:39:49 INFO  : Launch script is exported to file 'C:\Users\Student\Desktop\152BFall25\CSM152B\Lab_3_3\Lab_3_3.sdk\.sdk\launch_scripts\xilinx_c-c++_application_(system_debugger)\system_debugger_using_debug_ipi-gsg.elf_on_local.tcl'
11:40:42 INFO  : Disconnected from the channel tcfchan#5.
11:40:43 INFO  : 'targets -set -filter {jtag_cable_name =~ "Digilent Basys3 210183B31B4FA" && level==0} -index 0' command is executed.
11:40:43 INFO  : 'fpga -state' command is executed.
11:40:43 INFO  : Connected to target on host '127.0.0.1' and port '3121'.
11:40:43 INFO  : Jtag cable 'Digilent Basys3 210183B31B4FA' is selected.
11:40:43 INFO  : 'jtag frequency' command is executed.
11:40:43 INFO  : 'configparams mdm-detect-bscan-mask 2' command is executed.
11:40:43 INFO  : Context for processor 'microblaze_0' is selected.
11:40:43 INFO  : Processor reset is completed for 'microblaze_0'.
11:40:43 INFO  : Context for processor 'microblaze_0' is selected.
11:40:44 INFO  : The application 'C:/Users/Student/Desktop/152BFall25/CSM152B/Lab_3_3/Lab_3_3.sdk/ipi-gsg/Debug/ipi-gsg.elf' is downloaded to processor 'microblaze_0'.
11:40:44 INFO  : ----------------XSDB Script----------------
connect -url tcp:127.0.0.1:3121
configparams mdm-detect-bscan-mask 2
targets -set -nocase -filter {name =~ "microblaze*#0" && bscan=="USER2"  && jtag_cable_name =~ "Digilent Basys3 210183B31B4FA"} -index 0
rst -processor
targets -set -nocase -filter {name =~ "microblaze*#0" && bscan=="USER2"  && jtag_cable_name =~ "Digilent Basys3 210183B31B4FA"} -index 0
dow C:/Users/Student/Desktop/152BFall25/CSM152B/Lab_3_3/Lab_3_3.sdk/ipi-gsg/Debug/ipi-gsg.elf
----------------End of Script----------------

11:40:44 INFO  : Memory regions updated for context PA
11:40:44 INFO  : Memory regions updated for context PA
11:40:44 INFO  : Context for processor 'microblaze_0' is selected.
11:40:44 INFO  : 'con' command is executed.
11:40:44 INFO  : ----------------XSDB Script (After Launch)----------------
targets -set -nocase -filter {name =~ "microblaze*#0" && bscan=="USER2"  && jtag_cable_name =~ "Digilent Basys3 210183B31B4FA"} -index 0
con
----------------End of Script----------------

11:40:44 INFO  : Launch script is exported to file 'C:\Users\Student\Desktop\152BFall25\CSM152B\Lab_3_3\Lab_3_3.sdk\.sdk\launch_scripts\xilinx_c-c++_application_(system_debugger)\system_debugger_using_debug_ipi-gsg.elf_on_local.tcl'
10:16:04 INFO  : Disconnected from the channel tcfchan#6.
10:16:05 INFO  : 'targets -set -filter {jtag_cable_name =~ "Digilent Basys3 210183B31B4FA" && level==0} -index 0' command is executed.
10:16:05 INFO  : 'fpga -state' command is executed.
10:17:19 INFO  : Connected to target on host '127.0.0.1' and port '3121'.
10:17:19 INFO  : Jtag cable 'Digilent Basys3 210183B31B4FA' is selected.
10:17:19 INFO  : 'jtag frequency' command is executed.
10:17:19 INFO  : 'configparams mdm-detect-bscan-mask 2' command is executed.
10:17:22 ERROR : no targets found with "name =~ "microblaze*#0" && bscan=="USER2"  && jtag_cable_name =~ "Digilent Basys3 210183B31B4FA"". available targets:
  1* xc7a35t
10:17:22 INFO  : ----------------XSDB Script----------------
connect -url tcp:127.0.0.1:3121
configparams mdm-detect-bscan-mask 2
targets -set -nocase -filter {name =~ "microblaze*#0" && bscan=="USER2"  && jtag_cable_name =~ "Digilent Basys3 210183B31B4FA"} -index 0
----------------End of Script----------------

10:19:23 INFO  : 'targets -set -filter {jtag_cable_name =~ "Digilent Basys3 210183B31B4FA" && level==0} -index 0' command is executed.
10:19:23 INFO  : 'fpga -state' command is executed.
10:19:26 INFO  : Connected to target on host '127.0.0.1' and port '3121'.
10:19:26 INFO  : Jtag cable 'Digilent Basys3 210183B31B4FA' is selected.
10:19:26 INFO  : 'jtag frequency' command is executed.
10:19:26 INFO  : 'configparams mdm-detect-bscan-mask 2' command is executed.
10:19:30 ERROR : no targets found with "name =~ "microblaze*#0" && bscan=="USER2"  && jtag_cable_name =~ "Digilent Basys3 210183B31B4FA"". available targets:
  1* xc7a35t
10:19:30 INFO  : ----------------XSDB Script----------------
connect -url tcp:127.0.0.1:3121
configparams mdm-detect-bscan-mask 2
targets -set -nocase -filter {name =~ "microblaze*#0" && bscan=="USER2"  && jtag_cable_name =~ "Digilent Basys3 210183B31B4FA"} -index 0
----------------End of Script----------------

10:20:18 INFO  : 'targets -set -filter {jtag_cable_name =~ "Digilent Basys3 210183B31B4FA" && level==0} -index 0' command is executed.
10:20:18 INFO  : 'fpga -state' command is executed.
10:21:50 INFO  : 'targets -set -filter {jtag_cable_name =~ "Digilent Basys3 210183B31B4FA" && level==0} -index 0' command is executed.
10:21:50 INFO  : 'fpga -state' command is executed.
10:21:52 INFO  : Connected to target on host '127.0.0.1' and port '3121'.
10:21:52 INFO  : Jtag cable 'Digilent Basys3 210183B31B4FA' is selected.
10:21:52 INFO  : 'jtag frequency' command is executed.
10:21:52 INFO  : 'configparams mdm-detect-bscan-mask 2' command is executed.
10:21:56 ERROR : no targets found with "name =~ "microblaze*#0" && bscan=="USER2"  && jtag_cable_name =~ "Digilent Basys3 210183B31B4FA"". available targets:
  1* xc7a35t
10:21:56 INFO  : ----------------XSDB Script----------------
connect -url tcp:127.0.0.1:3121
configparams mdm-detect-bscan-mask 2
targets -set -nocase -filter {name =~ "microblaze*#0" && bscan=="USER2"  && jtag_cable_name =~ "Digilent Basys3 210183B31B4FA"} -index 0
----------------End of Script----------------

10:23:17 INFO  : Connected to target on host '127.0.0.1' and port '3121'.
10:23:17 INFO  : 'targets -set -filter {jtag_cable_name =~ "Digilent Basys3 210183B31B4FA" && level==0} -index 0' command is executed.
10:23:17 INFO  : FPGA configured successfully with bitstream "C:/Users/Student/Desktop/152BFall25/CSM152B/Lab_3_3/Lab_3_3.sdk/design_1_wrapper_hw_platform_0/download.bit"
10:23:43 INFO  : 'targets -set -filter {jtag_cable_name =~ "Digilent Basys3 210183B31B4FA" && level==0} -index 0' command is executed.
10:23:43 INFO  : 'fpga -state' command is executed.
10:23:43 INFO  : Connected to target on host '127.0.0.1' and port '3121'.
10:23:44 INFO  : Jtag cable 'Digilent Basys3 210183B31B4FA' is selected.
10:23:44 INFO  : 'jtag frequency' command is executed.
10:23:44 INFO  : 'configparams mdm-detect-bscan-mask 2' command is executed.
10:23:44 INFO  : Context for processor 'microblaze_0' is selected.
10:23:44 INFO  : Processor reset is completed for 'microblaze_0'.
10:23:44 INFO  : Context for processor 'microblaze_0' is selected.
10:23:44 INFO  : The application 'C:/Users/Student/Desktop/152BFall25/CSM152B/Lab_3_3/Lab_3_3.sdk/ipi-gsg/Debug/ipi-gsg.elf' is downloaded to processor 'microblaze_0'.
10:23:44 INFO  : ----------------XSDB Script----------------
connect -url tcp:127.0.0.1:3121
configparams mdm-detect-bscan-mask 2
targets -set -nocase -filter {name =~ "microblaze*#0" && bscan=="USER2"  && jtag_cable_name =~ "Digilent Basys3 210183B31B4FA"} -index 0
rst -processor
targets -set -nocase -filter {name =~ "microblaze*#0" && bscan=="USER2"  && jtag_cable_name =~ "Digilent Basys3 210183B31B4FA"} -index 0
dow C:/Users/Student/Desktop/152BFall25/CSM152B/Lab_3_3/Lab_3_3.sdk/ipi-gsg/Debug/ipi-gsg.elf
----------------End of Script----------------

10:23:44 INFO  : Memory regions updated for context PA
10:23:44 INFO  : Memory regions updated for context PA
10:23:44 INFO  : Context for processor 'microblaze_0' is selected.
10:23:44 INFO  : 'con' command is executed.
10:23:44 INFO  : ----------------XSDB Script (After Launch)----------------
targets -set -nocase -filter {name =~ "microblaze*#0" && bscan=="USER2"  && jtag_cable_name =~ "Digilent Basys3 210183B31B4FA"} -index 0
con
----------------End of Script----------------

10:23:44 INFO  : Launch script is exported to file 'C:\Users\Student\Desktop\152BFall25\CSM152B\Lab_3_3\Lab_3_3.sdk\.sdk\launch_scripts\xilinx_c-c++_application_(system_debugger)\system_debugger_using_debug_ipi-gsg.elf_on_local.tcl'
10:48:26 INFO  : Disconnected from the channel tcfchan#7.
10:48:37 INFO  : 'targets -set -filter {jtag_cable_name =~ "Digilent Basys3 210183B31B4FA" && level==0} -index 0' command is executed.
10:48:37 INFO  : 'fpga -state' command is executed.
10:48:37 INFO  : Connected to target on host '127.0.0.1' and port '3121'.
10:48:37 INFO  : Jtag cable 'Digilent Basys3 210183B31B4FA' is selected.
10:48:37 INFO  : 'jtag frequency' command is executed.
10:48:37 INFO  : 'configparams mdm-detect-bscan-mask 2' command is executed.
10:48:37 INFO  : ----------------XSDB Script----------------
connect -url tcp:127.0.0.1:3121
configparams mdm-detect-bscan-mask 2
----------------End of Script----------------

10:48:37 INFO  : Memory regions updated for context PA
10:48:37 INFO  : Memory regions updated for context PA
10:48:37 INFO  : Launch script is exported to file 'C:\Users\Student\Desktop\152BFall25\CSM152B\Lab_3_3\Lab_3_3.sdk\.sdk\launch_scripts\xilinx_c-c++_application_(system_debugger)\system_debugger_using_debug_ipi-gsg.elf_on_local.tcl'
10:55:52 INFO  : Disconnected from the channel tcfchan#8.
10:55:54 INFO  : 'targets -set -filter {jtag_cable_name =~ "Digilent Basys3 210183B31B4FA" && level==0} -index 0' command is executed.
10:55:54 INFO  : 'fpga -state' command is executed.
10:55:54 INFO  : Connected to target on host '127.0.0.1' and port '3121'.
10:55:54 INFO  : Jtag cable 'Digilent Basys3 210183B31B4FA' is selected.
10:55:54 INFO  : 'jtag frequency' command is executed.
10:55:54 INFO  : 'configparams mdm-detect-bscan-mask 2' command is executed.
10:55:54 INFO  : Context for processor 'microblaze_0' is selected.
10:55:54 INFO  : Processor reset is completed for 'microblaze_0'.
10:55:54 INFO  : Context for processor 'microblaze_0' is selected.
10:55:54 INFO  : The application 'C:/Users/Student/Desktop/152BFall25/CSM152B/Lab_3_3/Lab_3_3.sdk/ipi-gsg/Debug/ipi-gsg.elf' is downloaded to processor 'microblaze_0'.
10:55:54 INFO  : ----------------XSDB Script----------------
connect -url tcp:127.0.0.1:3121
configparams mdm-detect-bscan-mask 2
targets -set -nocase -filter {name =~ "microblaze*#0" && bscan=="USER2"  && jtag_cable_name =~ "Digilent Basys3 210183B31B4FA"} -index 0
rst -processor
targets -set -nocase -filter {name =~ "microblaze*#0" && bscan=="USER2"  && jtag_cable_name =~ "Digilent Basys3 210183B31B4FA"} -index 0
dow C:/Users/Student/Desktop/152BFall25/CSM152B/Lab_3_3/Lab_3_3.sdk/ipi-gsg/Debug/ipi-gsg.elf
----------------End of Script----------------

10:55:54 INFO  : Memory regions updated for context PA
10:55:54 INFO  : Memory regions updated for context PA
10:55:54 INFO  : Context for processor 'microblaze_0' is selected.
10:55:54 INFO  : 'con' command is executed.
10:55:54 INFO  : ----------------XSDB Script (After Launch)----------------
targets -set -nocase -filter {name =~ "microblaze*#0" && bscan=="USER2"  && jtag_cable_name =~ "Digilent Basys3 210183B31B4FA"} -index 0
con
----------------End of Script----------------

10:55:54 INFO  : Launch script is exported to file 'C:\Users\Student\Desktop\152BFall25\CSM152B\Lab_3_3\Lab_3_3.sdk\.sdk\launch_scripts\xilinx_c-c++_application_(system_debugger)\system_debugger_using_debug_ipi-gsg.elf_on_local.tcl'
10:56:50 INFO  : Disconnected from the channel tcfchan#9.
10:56:51 INFO  : 'targets -set -filter {jtag_cable_name =~ "Digilent Basys3 210183B31B4FA" && level==0} -index 0' command is executed.
10:56:52 INFO  : 'fpga -state' command is executed.
10:56:52 INFO  : Connected to target on host '127.0.0.1' and port '3121'.
10:56:52 INFO  : Jtag cable 'Digilent Basys3 210183B31B4FA' is selected.
10:56:52 INFO  : 'jtag frequency' command is executed.
10:56:52 INFO  : 'configparams mdm-detect-bscan-mask 2' command is executed.
10:56:52 INFO  : Context for processor 'microblaze_0' is selected.
10:56:52 INFO  : Processor reset is completed for 'microblaze_0'.
10:56:52 INFO  : Context for processor 'microblaze_0' is selected.
10:56:52 INFO  : The application 'C:/Users/Student/Desktop/152BFall25/CSM152B/Lab_3_3/Lab_3_3.sdk/ipi-gsg/Debug/ipi-gsg.elf' is downloaded to processor 'microblaze_0'.
10:56:52 INFO  : ----------------XSDB Script----------------
connect -url tcp:127.0.0.1:3121
configparams mdm-detect-bscan-mask 2
targets -set -nocase -filter {name =~ "microblaze*#0" && bscan=="USER2"  && jtag_cable_name =~ "Digilent Basys3 210183B31B4FA"} -index 0
rst -processor
targets -set -nocase -filter {name =~ "microblaze*#0" && bscan=="USER2"  && jtag_cable_name =~ "Digilent Basys3 210183B31B4FA"} -index 0
dow C:/Users/Student/Desktop/152BFall25/CSM152B/Lab_3_3/Lab_3_3.sdk/ipi-gsg/Debug/ipi-gsg.elf
----------------End of Script----------------

10:56:52 INFO  : Memory regions updated for context PA
10:56:52 INFO  : Memory regions updated for context PA
10:56:52 INFO  : Context for processor 'microblaze_0' is selected.
10:56:52 INFO  : 'con' command is executed.
10:56:52 INFO  : ----------------XSDB Script (After Launch)----------------
targets -set -nocase -filter {name =~ "microblaze*#0" && bscan=="USER2"  && jtag_cable_name =~ "Digilent Basys3 210183B31B4FA"} -index 0
con
----------------End of Script----------------

10:56:52 INFO  : Launch script is exported to file 'C:\Users\Student\Desktop\152BFall25\CSM152B\Lab_3_3\Lab_3_3.sdk\.sdk\launch_scripts\xilinx_c-c++_application_(system_debugger)\system_debugger_using_debug_ipi-gsg.elf_on_local.tcl'
10:57:33 INFO  : Disconnected from the channel tcfchan#10.
10:57:34 INFO  : 'targets -set -filter {jtag_cable_name =~ "Digilent Basys3 210183B31B4FA" && level==0} -index 0' command is executed.
10:57:34 INFO  : 'fpga -state' command is executed.
10:57:34 INFO  : Connected to target on host '127.0.0.1' and port '3121'.
10:57:35 INFO  : Jtag cable 'Digilent Basys3 210183B31B4FA' is selected.
10:57:35 INFO  : 'jtag frequency' command is executed.
10:57:35 INFO  : 'configparams mdm-detect-bscan-mask 2' command is executed.
10:57:35 INFO  : Context for processor 'microblaze_0' is selected.
10:57:35 INFO  : Processor reset is completed for 'microblaze_0'.
10:57:35 INFO  : Context for processor 'microblaze_0' is selected.
10:57:35 INFO  : The application 'C:/Users/Student/Desktop/152BFall25/CSM152B/Lab_3_3/Lab_3_3.sdk/ipi-gsg/Debug/ipi-gsg.elf' is downloaded to processor 'microblaze_0'.
10:57:35 INFO  : ----------------XSDB Script----------------
connect -url tcp:127.0.0.1:3121
configparams mdm-detect-bscan-mask 2
targets -set -nocase -filter {name =~ "microblaze*#0" && bscan=="USER2"  && jtag_cable_name =~ "Digilent Basys3 210183B31B4FA"} -index 0
rst -processor
targets -set -nocase -filter {name =~ "microblaze*#0" && bscan=="USER2"  && jtag_cable_name =~ "Digilent Basys3 210183B31B4FA"} -index 0
dow C:/Users/Student/Desktop/152BFall25/CSM152B/Lab_3_3/Lab_3_3.sdk/ipi-gsg/Debug/ipi-gsg.elf
----------------End of Script----------------

10:57:35 INFO  : Memory regions updated for context PA
10:57:35 INFO  : Memory regions updated for context PA
10:57:35 INFO  : Context for processor 'microblaze_0' is selected.
10:57:35 INFO  : 'con' command is executed.
10:57:35 INFO  : ----------------XSDB Script (After Launch)----------------
targets -set -nocase -filter {name =~ "microblaze*#0" && bscan=="USER2"  && jtag_cable_name =~ "Digilent Basys3 210183B31B4FA"} -index 0
con
----------------End of Script----------------

10:57:35 INFO  : Launch script is exported to file 'C:\Users\Student\Desktop\152BFall25\CSM152B\Lab_3_3\Lab_3_3.sdk\.sdk\launch_scripts\xilinx_c-c++_application_(system_debugger)\system_debugger_using_debug_ipi-gsg.elf_on_local.tcl'
10:58:10 INFO  : Disconnected from the channel tcfchan#11.
10:58:11 INFO  : 'targets -set -filter {jtag_cable_name =~ "Digilent Basys3 210183B31B4FA" && level==0} -index 0' command is executed.
10:58:11 INFO  : 'fpga -state' command is executed.
10:58:11 INFO  : Connected to target on host '127.0.0.1' and port '3121'.
10:58:11 INFO  : Jtag cable 'Digilent Basys3 210183B31B4FA' is selected.
10:58:11 INFO  : 'jtag frequency' command is executed.
10:58:11 INFO  : 'configparams mdm-detect-bscan-mask 2' command is executed.
10:58:11 INFO  : Context for processor 'microblaze_0' is selected.
10:58:11 INFO  : Processor reset is completed for 'microblaze_0'.
10:58:11 INFO  : Context for processor 'microblaze_0' is selected.
10:58:12 INFO  : The application 'C:/Users/Student/Desktop/152BFall25/CSM152B/Lab_3_3/Lab_3_3.sdk/ipi-gsg/Debug/ipi-gsg.elf' is downloaded to processor 'microblaze_0'.
10:58:12 INFO  : ----------------XSDB Script----------------
connect -url tcp:127.0.0.1:3121
configparams mdm-detect-bscan-mask 2
targets -set -nocase -filter {name =~ "microblaze*#0" && bscan=="USER2"  && jtag_cable_name =~ "Digilent Basys3 210183B31B4FA"} -index 0
rst -processor
targets -set -nocase -filter {name =~ "microblaze*#0" && bscan=="USER2"  && jtag_cable_name =~ "Digilent Basys3 210183B31B4FA"} -index 0
dow C:/Users/Student/Desktop/152BFall25/CSM152B/Lab_3_3/Lab_3_3.sdk/ipi-gsg/Debug/ipi-gsg.elf
----------------End of Script----------------

10:58:12 INFO  : Memory regions updated for context PA
10:58:12 INFO  : Memory regions updated for context PA
10:58:12 INFO  : Context for processor 'microblaze_0' is selected.
10:58:12 INFO  : 'con' command is executed.
10:58:12 INFO  : ----------------XSDB Script (After Launch)----------------
targets -set -nocase -filter {name =~ "microblaze*#0" && bscan=="USER2"  && jtag_cable_name =~ "Digilent Basys3 210183B31B4FA"} -index 0
con
----------------End of Script----------------

10:58:12 INFO  : Launch script is exported to file 'C:\Users\Student\Desktop\152BFall25\CSM152B\Lab_3_3\Lab_3_3.sdk\.sdk\launch_scripts\xilinx_c-c++_application_(system_debugger)\system_debugger_using_debug_ipi-gsg.elf_on_local.tcl'
11:00:36 INFO  : Disconnected from the channel tcfchan#12.
11:00:37 INFO  : 'targets -set -filter {jtag_cable_name =~ "Digilent Basys3 210183B31B4FA" && level==0} -index 0' command is executed.
11:00:38 INFO  : 'fpga -state' command is executed.
11:00:38 INFO  : Connected to target on host '127.0.0.1' and port '3121'.
11:00:38 INFO  : Jtag cable 'Digilent Basys3 210183B31B4FA' is selected.
11:00:38 INFO  : 'jtag frequency' command is executed.
11:00:38 INFO  : 'configparams mdm-detect-bscan-mask 2' command is executed.
11:00:38 INFO  : Context for processor 'microblaze_0' is selected.
11:00:38 INFO  : Processor reset is completed for 'microblaze_0'.
11:00:38 INFO  : Context for processor 'microblaze_0' is selected.
11:00:38 INFO  : The application 'C:/Users/Student/Desktop/152BFall25/CSM152B/Lab_3_3/Lab_3_3.sdk/ipi-gsg/Debug/ipi-gsg.elf' is downloaded to processor 'microblaze_0'.
11:00:38 INFO  : ----------------XSDB Script----------------
connect -url tcp:127.0.0.1:3121
configparams mdm-detect-bscan-mask 2
targets -set -nocase -filter {name =~ "microblaze*#0" && bscan=="USER2"  && jtag_cable_name =~ "Digilent Basys3 210183B31B4FA"} -index 0
rst -processor
targets -set -nocase -filter {name =~ "microblaze*#0" && bscan=="USER2"  && jtag_cable_name =~ "Digilent Basys3 210183B31B4FA"} -index 0
dow C:/Users/Student/Desktop/152BFall25/CSM152B/Lab_3_3/Lab_3_3.sdk/ipi-gsg/Debug/ipi-gsg.elf
----------------End of Script----------------

11:00:38 INFO  : Memory regions updated for context PA
11:00:38 INFO  : Memory regions updated for context PA
11:00:38 INFO  : Context for processor 'microblaze_0' is selected.
11:00:38 INFO  : 'con' command is executed.
11:00:38 INFO  : ----------------XSDB Script (After Launch)----------------
targets -set -nocase -filter {name =~ "microblaze*#0" && bscan=="USER2"  && jtag_cable_name =~ "Digilent Basys3 210183B31B4FA"} -index 0
con
----------------End of Script----------------

11:00:38 INFO  : Launch script is exported to file 'C:\Users\Student\Desktop\152BFall25\CSM152B\Lab_3_3\Lab_3_3.sdk\.sdk\launch_scripts\xilinx_c-c++_application_(system_debugger)\system_debugger_using_debug_ipi-gsg.elf_on_local.tcl'
11:00:56 INFO  : Disconnected from the channel tcfchan#13.
11:00:58 INFO  : 'targets -set -filter {jtag_cable_name =~ "Digilent Basys3 210183B31B4FA" && level==0} -index 0' command is executed.
11:00:58 INFO  : 'fpga -state' command is executed.
11:00:58 INFO  : Connected to target on host '127.0.0.1' and port '3121'.
11:00:58 INFO  : Jtag cable 'Digilent Basys3 210183B31B4FA' is selected.
11:00:58 INFO  : 'jtag frequency' command is executed.
11:00:58 INFO  : 'configparams mdm-detect-bscan-mask 2' command is executed.
11:00:58 INFO  : Context for processor 'microblaze_0' is selected.
11:00:58 INFO  : Processor reset is completed for 'microblaze_0'.
11:00:58 INFO  : Context for processor 'microblaze_0' is selected.
11:00:58 INFO  : The application 'C:/Users/Student/Desktop/152BFall25/CSM152B/Lab_3_3/Lab_3_3.sdk/ipi-gsg/Debug/ipi-gsg.elf' is downloaded to processor 'microblaze_0'.
11:00:58 INFO  : ----------------XSDB Script----------------
connect -url tcp:127.0.0.1:3121
configparams mdm-detect-bscan-mask 2
targets -set -nocase -filter {name =~ "microblaze*#0" && bscan=="USER2"  && jtag_cable_name =~ "Digilent Basys3 210183B31B4FA"} -index 0
rst -processor
targets -set -nocase -filter {name =~ "microblaze*#0" && bscan=="USER2"  && jtag_cable_name =~ "Digilent Basys3 210183B31B4FA"} -index 0
dow C:/Users/Student/Desktop/152BFall25/CSM152B/Lab_3_3/Lab_3_3.sdk/ipi-gsg/Debug/ipi-gsg.elf
----------------End of Script----------------

11:00:58 INFO  : Memory regions updated for context PA
11:00:58 INFO  : Memory regions updated for context PA
11:00:58 INFO  : Context for processor 'microblaze_0' is selected.
11:00:58 INFO  : 'con' command is executed.
11:00:58 INFO  : ----------------XSDB Script (After Launch)----------------
targets -set -nocase -filter {name =~ "microblaze*#0" && bscan=="USER2"  && jtag_cable_name =~ "Digilent Basys3 210183B31B4FA"} -index 0
con
----------------End of Script----------------

11:00:58 INFO  : Launch script is exported to file 'C:\Users\Student\Desktop\152BFall25\CSM152B\Lab_3_3\Lab_3_3.sdk\.sdk\launch_scripts\xilinx_c-c++_application_(system_debugger)\system_debugger_using_debug_ipi-gsg.elf_on_local.tcl'
11:01:40 INFO  : Disconnected from the channel tcfchan#14.
11:01:42 INFO  : 'targets -set -filter {jtag_cable_name =~ "Digilent Basys3 210183B31B4FA" && level==0} -index 0' command is executed.
11:01:42 INFO  : 'fpga -state' command is executed.
11:01:42 INFO  : Connected to target on host '127.0.0.1' and port '3121'.
11:01:42 INFO  : Jtag cable 'Digilent Basys3 210183B31B4FA' is selected.
11:01:42 INFO  : 'jtag frequency' command is executed.
11:01:42 INFO  : 'configparams mdm-detect-bscan-mask 2' command is executed.
11:01:42 INFO  : Context for processor 'microblaze_0' is selected.
11:01:42 INFO  : Processor reset is completed for 'microblaze_0'.
11:01:42 INFO  : Context for processor 'microblaze_0' is selected.
11:01:42 INFO  : The application 'C:/Users/Student/Desktop/152BFall25/CSM152B/Lab_3_3/Lab_3_3.sdk/ipi-gsg/Debug/ipi-gsg.elf' is downloaded to processor 'microblaze_0'.
11:01:42 INFO  : ----------------XSDB Script----------------
connect -url tcp:127.0.0.1:3121
configparams mdm-detect-bscan-mask 2
targets -set -nocase -filter {name =~ "microblaze*#0" && bscan=="USER2"  && jtag_cable_name =~ "Digilent Basys3 210183B31B4FA"} -index 0
rst -processor
targets -set -nocase -filter {name =~ "microblaze*#0" && bscan=="USER2"  && jtag_cable_name =~ "Digilent Basys3 210183B31B4FA"} -index 0
dow C:/Users/Student/Desktop/152BFall25/CSM152B/Lab_3_3/Lab_3_3.sdk/ipi-gsg/Debug/ipi-gsg.elf
----------------End of Script----------------

11:01:42 INFO  : Memory regions updated for context PA
11:01:42 INFO  : Memory regions updated for context PA
11:01:42 INFO  : Context for processor 'microblaze_0' is selected.
11:01:42 INFO  : 'con' command is executed.
11:01:42 INFO  : ----------------XSDB Script (After Launch)----------------
targets -set -nocase -filter {name =~ "microblaze*#0" && bscan=="USER2"  && jtag_cable_name =~ "Digilent Basys3 210183B31B4FA"} -index 0
con
----------------End of Script----------------

11:01:42 INFO  : Launch script is exported to file 'C:\Users\Student\Desktop\152BFall25\CSM152B\Lab_3_3\Lab_3_3.sdk\.sdk\launch_scripts\xilinx_c-c++_application_(system_debugger)\system_debugger_using_debug_ipi-gsg.elf_on_local.tcl'
11:03:42 INFO  : Disconnected from the channel tcfchan#15.
11:03:43 INFO  : 'targets -set -filter {jtag_cable_name =~ "Digilent Basys3 210183B31B4FA" && level==0} -index 0' command is executed.
11:03:43 INFO  : 'fpga -state' command is executed.
11:03:43 INFO  : Connected to target on host '127.0.0.1' and port '3121'.
11:03:43 INFO  : Jtag cable 'Digilent Basys3 210183B31B4FA' is selected.
11:03:43 INFO  : 'jtag frequency' command is executed.
11:03:43 INFO  : 'configparams mdm-detect-bscan-mask 2' command is executed.
11:03:43 INFO  : Context for processor 'microblaze_0' is selected.
11:03:43 INFO  : Processor reset is completed for 'microblaze_0'.
11:03:43 INFO  : Context for processor 'microblaze_0' is selected.
11:03:44 INFO  : The application 'C:/Users/Student/Desktop/152BFall25/CSM152B/Lab_3_3/Lab_3_3.sdk/ipi-gsg/Debug/ipi-gsg.elf' is downloaded to processor 'microblaze_0'.
11:03:44 INFO  : ----------------XSDB Script----------------
connect -url tcp:127.0.0.1:3121
configparams mdm-detect-bscan-mask 2
targets -set -nocase -filter {name =~ "microblaze*#0" && bscan=="USER2"  && jtag_cable_name =~ "Digilent Basys3 210183B31B4FA"} -index 0
rst -processor
targets -set -nocase -filter {name =~ "microblaze*#0" && bscan=="USER2"  && jtag_cable_name =~ "Digilent Basys3 210183B31B4FA"} -index 0
dow C:/Users/Student/Desktop/152BFall25/CSM152B/Lab_3_3/Lab_3_3.sdk/ipi-gsg/Debug/ipi-gsg.elf
----------------End of Script----------------

11:03:44 INFO  : Memory regions updated for context PA
11:03:44 INFO  : Memory regions updated for context PA
11:03:44 INFO  : Context for processor 'microblaze_0' is selected.
11:03:44 INFO  : 'con' command is executed.
11:03:44 INFO  : ----------------XSDB Script (After Launch)----------------
targets -set -nocase -filter {name =~ "microblaze*#0" && bscan=="USER2"  && jtag_cable_name =~ "Digilent Basys3 210183B31B4FA"} -index 0
con
----------------End of Script----------------

11:03:44 INFO  : Launch script is exported to file 'C:\Users\Student\Desktop\152BFall25\CSM152B\Lab_3_3\Lab_3_3.sdk\.sdk\launch_scripts\xilinx_c-c++_application_(system_debugger)\system_debugger_using_debug_ipi-gsg.elf_on_local.tcl'
11:03:55 INFO  : Disconnected from the channel tcfchan#16.
11:03:56 INFO  : 'targets -set -filter {jtag_cable_name =~ "Digilent Basys3 210183B31B4FA" && level==0} -index 0' command is executed.
11:03:56 INFO  : 'fpga -state' command is executed.
11:03:56 INFO  : Connected to target on host '127.0.0.1' and port '3121'.
11:03:57 INFO  : Jtag cable 'Digilent Basys3 210183B31B4FA' is selected.
11:03:57 INFO  : 'jtag frequency' command is executed.
11:03:57 INFO  : 'configparams mdm-detect-bscan-mask 2' command is executed.
11:03:57 INFO  : Context for processor 'microblaze_0' is selected.
11:03:57 INFO  : Processor reset is completed for 'microblaze_0'.
11:03:57 INFO  : Context for processor 'microblaze_0' is selected.
11:03:57 INFO  : The application 'C:/Users/Student/Desktop/152BFall25/CSM152B/Lab_3_3/Lab_3_3.sdk/ipi-gsg/Debug/ipi-gsg.elf' is downloaded to processor 'microblaze_0'.
11:03:57 INFO  : ----------------XSDB Script----------------
connect -url tcp:127.0.0.1:3121
configparams mdm-detect-bscan-mask 2
targets -set -nocase -filter {name =~ "microblaze*#0" && bscan=="USER2"  && jtag_cable_name =~ "Digilent Basys3 210183B31B4FA"} -index 0
rst -processor
targets -set -nocase -filter {name =~ "microblaze*#0" && bscan=="USER2"  && jtag_cable_name =~ "Digilent Basys3 210183B31B4FA"} -index 0
dow C:/Users/Student/Desktop/152BFall25/CSM152B/Lab_3_3/Lab_3_3.sdk/ipi-gsg/Debug/ipi-gsg.elf
----------------End of Script----------------

11:03:57 INFO  : Memory regions updated for context PA
11:03:57 INFO  : Memory regions updated for context PA
11:03:57 INFO  : Context for processor 'microblaze_0' is selected.
11:03:57 INFO  : 'con' command is executed.
11:03:57 INFO  : ----------------XSDB Script (After Launch)----------------
targets -set -nocase -filter {name =~ "microblaze*#0" && bscan=="USER2"  && jtag_cable_name =~ "Digilent Basys3 210183B31B4FA"} -index 0
con
----------------End of Script----------------

11:03:57 INFO  : Launch script is exported to file 'C:\Users\Student\Desktop\152BFall25\CSM152B\Lab_3_3\Lab_3_3.sdk\.sdk\launch_scripts\xilinx_c-c++_application_(system_debugger)\system_debugger_using_debug_ipi-gsg.elf_on_local.tcl'
11:04:25 INFO  : Disconnected from the channel tcfchan#17.
11:04:27 INFO  : 'targets -set -filter {jtag_cable_name =~ "Digilent Basys3 210183B31B4FA" && level==0} -index 0' command is executed.
11:04:27 INFO  : 'fpga -state' command is executed.
11:04:27 INFO  : Connected to target on host '127.0.0.1' and port '3121'.
11:04:27 INFO  : Jtag cable 'Digilent Basys3 210183B31B4FA' is selected.
11:04:27 INFO  : 'jtag frequency' command is executed.
11:04:27 INFO  : 'configparams mdm-detect-bscan-mask 2' command is executed.
11:04:27 INFO  : Context for processor 'microblaze_0' is selected.
11:04:27 INFO  : Processor reset is completed for 'microblaze_0'.
11:04:27 INFO  : Context for processor 'microblaze_0' is selected.
11:04:27 INFO  : The application 'C:/Users/Student/Desktop/152BFall25/CSM152B/Lab_3_3/Lab_3_3.sdk/ipi-gsg/Debug/ipi-gsg.elf' is downloaded to processor 'microblaze_0'.
11:04:27 INFO  : ----------------XSDB Script----------------
connect -url tcp:127.0.0.1:3121
configparams mdm-detect-bscan-mask 2
targets -set -nocase -filter {name =~ "microblaze*#0" && bscan=="USER2"  && jtag_cable_name =~ "Digilent Basys3 210183B31B4FA"} -index 0
rst -processor
targets -set -nocase -filter {name =~ "microblaze*#0" && bscan=="USER2"  && jtag_cable_name =~ "Digilent Basys3 210183B31B4FA"} -index 0
dow C:/Users/Student/Desktop/152BFall25/CSM152B/Lab_3_3/Lab_3_3.sdk/ipi-gsg/Debug/ipi-gsg.elf
----------------End of Script----------------

11:04:27 INFO  : Memory regions updated for context PA
11:04:27 INFO  : Memory regions updated for context PA
11:04:27 INFO  : Context for processor 'microblaze_0' is selected.
11:04:27 INFO  : 'con' command is executed.
11:04:27 INFO  : ----------------XSDB Script (After Launch)----------------
targets -set -nocase -filter {name =~ "microblaze*#0" && bscan=="USER2"  && jtag_cable_name =~ "Digilent Basys3 210183B31B4FA"} -index 0
con
----------------End of Script----------------

11:04:27 INFO  : Launch script is exported to file 'C:\Users\Student\Desktop\152BFall25\CSM152B\Lab_3_3\Lab_3_3.sdk\.sdk\launch_scripts\xilinx_c-c++_application_(system_debugger)\system_debugger_using_debug_ipi-gsg.elf_on_local.tcl'
11:06:37 INFO  : Disconnected from the channel tcfchan#18.
11:06:38 INFO  : 'targets -set -filter {jtag_cable_name =~ "Digilent Basys3 210183B31B4FA" && level==0} -index 0' command is executed.
11:06:38 INFO  : 'fpga -state' command is executed.
11:06:38 INFO  : Connected to target on host '127.0.0.1' and port '3121'.
11:06:39 INFO  : Jtag cable 'Digilent Basys3 210183B31B4FA' is selected.
11:06:39 INFO  : 'jtag frequency' command is executed.
11:06:39 INFO  : 'configparams mdm-detect-bscan-mask 2' command is executed.
11:06:39 INFO  : Context for processor 'microblaze_0' is selected.
11:06:39 INFO  : Processor reset is completed for 'microblaze_0'.
11:06:39 INFO  : Context for processor 'microblaze_0' is selected.
11:06:39 INFO  : The application 'C:/Users/Student/Desktop/152BFall25/CSM152B/Lab_3_3/Lab_3_3.sdk/ipi-gsg/Debug/ipi-gsg.elf' is downloaded to processor 'microblaze_0'.
11:06:39 INFO  : ----------------XSDB Script----------------
connect -url tcp:127.0.0.1:3121
configparams mdm-detect-bscan-mask 2
targets -set -nocase -filter {name =~ "microblaze*#0" && bscan=="USER2"  && jtag_cable_name =~ "Digilent Basys3 210183B31B4FA"} -index 0
rst -processor
targets -set -nocase -filter {name =~ "microblaze*#0" && bscan=="USER2"  && jtag_cable_name =~ "Digilent Basys3 210183B31B4FA"} -index 0
dow C:/Users/Student/Desktop/152BFall25/CSM152B/Lab_3_3/Lab_3_3.sdk/ipi-gsg/Debug/ipi-gsg.elf
----------------End of Script----------------

11:06:39 INFO  : Memory regions updated for context PA
11:06:39 INFO  : Memory regions updated for context PA
11:06:39 INFO  : Context for processor 'microblaze_0' is selected.
11:06:39 INFO  : 'con' command is executed.
11:06:39 INFO  : ----------------XSDB Script (After Launch)----------------
targets -set -nocase -filter {name =~ "microblaze*#0" && bscan=="USER2"  && jtag_cable_name =~ "Digilent Basys3 210183B31B4FA"} -index 0
con
----------------End of Script----------------

11:06:39 INFO  : Launch script is exported to file 'C:\Users\Student\Desktop\152BFall25\CSM152B\Lab_3_3\Lab_3_3.sdk\.sdk\launch_scripts\xilinx_c-c++_application_(system_debugger)\system_debugger_using_debug_ipi-gsg.elf_on_local.tcl'
11:06:52 INFO  : Disconnected from the channel tcfchan#19.
11:06:53 INFO  : 'targets -set -filter {jtag_cable_name =~ "Digilent Basys3 210183B31B4FA" && level==0} -index 0' command is executed.
11:06:53 INFO  : 'fpga -state' command is executed.
11:06:53 INFO  : Connected to target on host '127.0.0.1' and port '3121'.
11:06:53 INFO  : Jtag cable 'Digilent Basys3 210183B31B4FA' is selected.
11:06:53 INFO  : 'jtag frequency' command is executed.
11:06:53 INFO  : 'configparams mdm-detect-bscan-mask 2' command is executed.
11:06:53 INFO  : Context for processor 'microblaze_0' is selected.
11:06:53 INFO  : Processor reset is completed for 'microblaze_0'.
11:06:53 INFO  : Context for processor 'microblaze_0' is selected.
11:06:54 INFO  : The application 'C:/Users/Student/Desktop/152BFall25/CSM152B/Lab_3_3/Lab_3_3.sdk/ipi-gsg/Debug/ipi-gsg.elf' is downloaded to processor 'microblaze_0'.
11:06:54 INFO  : ----------------XSDB Script----------------
connect -url tcp:127.0.0.1:3121
configparams mdm-detect-bscan-mask 2
targets -set -nocase -filter {name =~ "microblaze*#0" && bscan=="USER2"  && jtag_cable_name =~ "Digilent Basys3 210183B31B4FA"} -index 0
rst -processor
targets -set -nocase -filter {name =~ "microblaze*#0" && bscan=="USER2"  && jtag_cable_name =~ "Digilent Basys3 210183B31B4FA"} -index 0
dow C:/Users/Student/Desktop/152BFall25/CSM152B/Lab_3_3/Lab_3_3.sdk/ipi-gsg/Debug/ipi-gsg.elf
----------------End of Script----------------

11:06:54 INFO  : Memory regions updated for context PA
11:06:54 INFO  : Memory regions updated for context PA
11:06:54 INFO  : Context for processor 'microblaze_0' is selected.
11:06:54 INFO  : 'con' command is executed.
11:06:54 INFO  : ----------------XSDB Script (After Launch)----------------
targets -set -nocase -filter {name =~ "microblaze*#0" && bscan=="USER2"  && jtag_cable_name =~ "Digilent Basys3 210183B31B4FA"} -index 0
con
----------------End of Script----------------

11:06:54 INFO  : Launch script is exported to file 'C:\Users\Student\Desktop\152BFall25\CSM152B\Lab_3_3\Lab_3_3.sdk\.sdk\launch_scripts\xilinx_c-c++_application_(system_debugger)\system_debugger_using_debug_ipi-gsg.elf_on_local.tcl'
11:07:41 INFO  : Disconnected from the channel tcfchan#20.
11:07:42 INFO  : 'targets -set -filter {jtag_cable_name =~ "Digilent Basys3 210183B31B4FA" && level==0} -index 0' command is executed.
11:07:42 INFO  : 'fpga -state' command is executed.
11:07:42 INFO  : Connected to target on host '127.0.0.1' and port '3121'.
11:07:42 INFO  : Jtag cable 'Digilent Basys3 210183B31B4FA' is selected.
11:07:42 INFO  : 'jtag frequency' command is executed.
11:07:42 INFO  : 'configparams mdm-detect-bscan-mask 2' command is executed.
11:07:42 INFO  : Context for processor 'microblaze_0' is selected.
11:07:42 INFO  : Processor reset is completed for 'microblaze_0'.
11:07:42 INFO  : Context for processor 'microblaze_0' is selected.
11:07:43 INFO  : The application 'C:/Users/Student/Desktop/152BFall25/CSM152B/Lab_3_3/Lab_3_3.sdk/ipi-gsg/Debug/ipi-gsg.elf' is downloaded to processor 'microblaze_0'.
11:07:43 INFO  : ----------------XSDB Script----------------
connect -url tcp:127.0.0.1:3121
configparams mdm-detect-bscan-mask 2
targets -set -nocase -filter {name =~ "microblaze*#0" && bscan=="USER2"  && jtag_cable_name =~ "Digilent Basys3 210183B31B4FA"} -index 0
rst -processor
targets -set -nocase -filter {name =~ "microblaze*#0" && bscan=="USER2"  && jtag_cable_name =~ "Digilent Basys3 210183B31B4FA"} -index 0
dow C:/Users/Student/Desktop/152BFall25/CSM152B/Lab_3_3/Lab_3_3.sdk/ipi-gsg/Debug/ipi-gsg.elf
----------------End of Script----------------

11:07:43 INFO  : Memory regions updated for context PA
11:07:43 INFO  : Memory regions updated for context PA
11:07:43 INFO  : Context for processor 'microblaze_0' is selected.
11:07:43 INFO  : 'con' command is executed.
11:07:43 INFO  : ----------------XSDB Script (After Launch)----------------
targets -set -nocase -filter {name =~ "microblaze*#0" && bscan=="USER2"  && jtag_cable_name =~ "Digilent Basys3 210183B31B4FA"} -index 0
con
----------------End of Script----------------

11:07:43 INFO  : Launch script is exported to file 'C:\Users\Student\Desktop\152BFall25\CSM152B\Lab_3_3\Lab_3_3.sdk\.sdk\launch_scripts\xilinx_c-c++_application_(system_debugger)\system_debugger_using_debug_ipi-gsg.elf_on_local.tcl'
11:08:07 INFO  : Disconnected from the channel tcfchan#21.
11:08:08 INFO  : 'targets -set -filter {jtag_cable_name =~ "Digilent Basys3 210183B31B4FA" && level==0} -index 0' command is executed.
11:08:08 INFO  : 'fpga -state' command is executed.
11:08:08 INFO  : Connected to target on host '127.0.0.1' and port '3121'.
11:08:08 INFO  : Jtag cable 'Digilent Basys3 210183B31B4FA' is selected.
11:08:08 INFO  : 'jtag frequency' command is executed.
11:08:08 INFO  : 'configparams mdm-detect-bscan-mask 2' command is executed.
11:08:08 INFO  : Context for processor 'microblaze_0' is selected.
11:08:08 INFO  : Processor reset is completed for 'microblaze_0'.
11:08:09 INFO  : Context for processor 'microblaze_0' is selected.
11:08:09 INFO  : The application 'C:/Users/Student/Desktop/152BFall25/CSM152B/Lab_3_3/Lab_3_3.sdk/ipi-gsg/Debug/ipi-gsg.elf' is downloaded to processor 'microblaze_0'.
11:08:09 INFO  : ----------------XSDB Script----------------
connect -url tcp:127.0.0.1:3121
configparams mdm-detect-bscan-mask 2
targets -set -nocase -filter {name =~ "microblaze*#0" && bscan=="USER2"  && jtag_cable_name =~ "Digilent Basys3 210183B31B4FA"} -index 0
rst -processor
targets -set -nocase -filter {name =~ "microblaze*#0" && bscan=="USER2"  && jtag_cable_name =~ "Digilent Basys3 210183B31B4FA"} -index 0
dow C:/Users/Student/Desktop/152BFall25/CSM152B/Lab_3_3/Lab_3_3.sdk/ipi-gsg/Debug/ipi-gsg.elf
----------------End of Script----------------

11:08:09 INFO  : Memory regions updated for context PA
11:08:09 INFO  : Memory regions updated for context PA
11:08:09 INFO  : Context for processor 'microblaze_0' is selected.
11:08:09 INFO  : 'con' command is executed.
11:08:09 INFO  : ----------------XSDB Script (After Launch)----------------
targets -set -nocase -filter {name =~ "microblaze*#0" && bscan=="USER2"  && jtag_cable_name =~ "Digilent Basys3 210183B31B4FA"} -index 0
con
----------------End of Script----------------

11:08:09 INFO  : Launch script is exported to file 'C:\Users\Student\Desktop\152BFall25\CSM152B\Lab_3_3\Lab_3_3.sdk\.sdk\launch_scripts\xilinx_c-c++_application_(system_debugger)\system_debugger_using_debug_ipi-gsg.elf_on_local.tcl'
11:11:54 INFO  : Disconnected from the channel tcfchan#22.
11:11:56 INFO  : 'targets -set -filter {jtag_cable_name =~ "Digilent Basys3 210183B31B4FA" && level==0} -index 0' command is executed.
11:11:56 INFO  : 'fpga -state' command is executed.
11:11:56 INFO  : Connected to target on host '127.0.0.1' and port '3121'.
11:11:56 INFO  : Jtag cable 'Digilent Basys3 210183B31B4FA' is selected.
11:11:56 INFO  : 'jtag frequency' command is executed.
11:11:56 INFO  : 'configparams mdm-detect-bscan-mask 2' command is executed.
11:11:56 INFO  : Context for processor 'microblaze_0' is selected.
11:11:56 INFO  : Processor reset is completed for 'microblaze_0'.
11:11:56 INFO  : Context for processor 'microblaze_0' is selected.
11:11:56 INFO  : The application 'C:/Users/Student/Desktop/152BFall25/CSM152B/Lab_3_3/Lab_3_3.sdk/ipi-gsg/Debug/ipi-gsg.elf' is downloaded to processor 'microblaze_0'.
11:11:56 INFO  : ----------------XSDB Script----------------
connect -url tcp:127.0.0.1:3121
configparams mdm-detect-bscan-mask 2
targets -set -nocase -filter {name =~ "microblaze*#0" && bscan=="USER2"  && jtag_cable_name =~ "Digilent Basys3 210183B31B4FA"} -index 0
rst -processor
targets -set -nocase -filter {name =~ "microblaze*#0" && bscan=="USER2"  && jtag_cable_name =~ "Digilent Basys3 210183B31B4FA"} -index 0
dow C:/Users/Student/Desktop/152BFall25/CSM152B/Lab_3_3/Lab_3_3.sdk/ipi-gsg/Debug/ipi-gsg.elf
----------------End of Script----------------

11:11:56 INFO  : Memory regions updated for context PA
11:11:56 INFO  : Memory regions updated for context PA
11:11:56 INFO  : Context for processor 'microblaze_0' is selected.
11:11:56 INFO  : 'con' command is executed.
11:11:56 INFO  : ----------------XSDB Script (After Launch)----------------
targets -set -nocase -filter {name =~ "microblaze*#0" && bscan=="USER2"  && jtag_cable_name =~ "Digilent Basys3 210183B31B4FA"} -index 0
con
----------------End of Script----------------

11:11:56 INFO  : Launch script is exported to file 'C:\Users\Student\Desktop\152BFall25\CSM152B\Lab_3_3\Lab_3_3.sdk\.sdk\launch_scripts\xilinx_c-c++_application_(system_debugger)\system_debugger_using_debug_ipi-gsg.elf_on_local.tcl'
11:13:21 INFO  : Disconnected from the channel tcfchan#23.
11:13:22 INFO  : 'targets -set -filter {jtag_cable_name =~ "Digilent Basys3 210183B31B4FA" && level==0} -index 0' command is executed.
11:13:22 INFO  : 'fpga -state' command is executed.
11:13:22 INFO  : Connected to target on host '127.0.0.1' and port '3121'.
11:13:22 INFO  : Jtag cable 'Digilent Basys3 210183B31B4FA' is selected.
11:13:22 INFO  : 'jtag frequency' command is executed.
11:13:22 INFO  : 'configparams mdm-detect-bscan-mask 2' command is executed.
11:13:22 INFO  : Context for processor 'microblaze_0' is selected.
11:13:22 INFO  : Processor reset is completed for 'microblaze_0'.
11:13:22 INFO  : Context for processor 'microblaze_0' is selected.
11:13:22 INFO  : The application 'C:/Users/Student/Desktop/152BFall25/CSM152B/Lab_3_3/Lab_3_3.sdk/ipi-gsg/Debug/ipi-gsg.elf' is downloaded to processor 'microblaze_0'.
11:13:22 INFO  : ----------------XSDB Script----------------
connect -url tcp:127.0.0.1:3121
configparams mdm-detect-bscan-mask 2
targets -set -nocase -filter {name =~ "microblaze*#0" && bscan=="USER2"  && jtag_cable_name =~ "Digilent Basys3 210183B31B4FA"} -index 0
rst -processor
targets -set -nocase -filter {name =~ "microblaze*#0" && bscan=="USER2"  && jtag_cable_name =~ "Digilent Basys3 210183B31B4FA"} -index 0
dow C:/Users/Student/Desktop/152BFall25/CSM152B/Lab_3_3/Lab_3_3.sdk/ipi-gsg/Debug/ipi-gsg.elf
----------------End of Script----------------

11:13:22 INFO  : Memory regions updated for context PA
11:13:22 INFO  : Memory regions updated for context PA
11:13:22 INFO  : Context for processor 'microblaze_0' is selected.
11:13:22 INFO  : 'con' command is executed.
11:13:22 INFO  : ----------------XSDB Script (After Launch)----------------
targets -set -nocase -filter {name =~ "microblaze*#0" && bscan=="USER2"  && jtag_cable_name =~ "Digilent Basys3 210183B31B4FA"} -index 0
con
----------------End of Script----------------

11:13:22 INFO  : Launch script is exported to file 'C:\Users\Student\Desktop\152BFall25\CSM152B\Lab_3_3\Lab_3_3.sdk\.sdk\launch_scripts\xilinx_c-c++_application_(system_debugger)\system_debugger_using_debug_ipi-gsg.elf_on_local.tcl'
11:17:36 INFO  : Disconnected from the channel tcfchan#24.
11:17:37 INFO  : 'targets -set -filter {jtag_cable_name =~ "Digilent Basys3 210183B31B4FA" && level==0} -index 0' command is executed.
11:17:37 INFO  : 'fpga -state' command is executed.
11:17:37 INFO  : Connected to target on host '127.0.0.1' and port '3121'.
11:17:38 INFO  : Jtag cable 'Digilent Basys3 210183B31B4FA' is selected.
11:17:38 INFO  : 'jtag frequency' command is executed.
11:17:38 INFO  : 'configparams mdm-detect-bscan-mask 2' command is executed.
11:17:38 INFO  : Context for processor 'microblaze_0' is selected.
11:17:38 INFO  : Processor reset is completed for 'microblaze_0'.
11:17:38 INFO  : Context for processor 'microblaze_0' is selected.
11:17:38 INFO  : The application 'C:/Users/Student/Desktop/152BFall25/CSM152B/Lab_3_3/Lab_3_3.sdk/ipi-gsg/Debug/ipi-gsg.elf' is downloaded to processor 'microblaze_0'.
11:17:38 INFO  : ----------------XSDB Script----------------
connect -url tcp:127.0.0.1:3121
configparams mdm-detect-bscan-mask 2
targets -set -nocase -filter {name =~ "microblaze*#0" && bscan=="USER2"  && jtag_cable_name =~ "Digilent Basys3 210183B31B4FA"} -index 0
rst -processor
targets -set -nocase -filter {name =~ "microblaze*#0" && bscan=="USER2"  && jtag_cable_name =~ "Digilent Basys3 210183B31B4FA"} -index 0
dow C:/Users/Student/Desktop/152BFall25/CSM152B/Lab_3_3/Lab_3_3.sdk/ipi-gsg/Debug/ipi-gsg.elf
----------------End of Script----------------

11:17:38 INFO  : Memory regions updated for context PA
11:17:38 INFO  : Memory regions updated for context PA
11:17:38 INFO  : Context for processor 'microblaze_0' is selected.
11:17:38 INFO  : 'con' command is executed.
11:17:38 INFO  : ----------------XSDB Script (After Launch)----------------
targets -set -nocase -filter {name =~ "microblaze*#0" && bscan=="USER2"  && jtag_cable_name =~ "Digilent Basys3 210183B31B4FA"} -index 0
con
----------------End of Script----------------

11:17:38 INFO  : Launch script is exported to file 'C:\Users\Student\Desktop\152BFall25\CSM152B\Lab_3_3\Lab_3_3.sdk\.sdk\launch_scripts\xilinx_c-c++_application_(system_debugger)\system_debugger_using_debug_ipi-gsg.elf_on_local.tcl'
11:17:57 INFO  : Disconnected from the channel tcfchan#25.
11:17:58 INFO  : 'targets -set -filter {jtag_cable_name =~ "Digilent Basys3 210183B31B4FA" && level==0} -index 0' command is executed.
11:17:58 INFO  : 'fpga -state' command is executed.
11:17:58 INFO  : Connected to target on host '127.0.0.1' and port '3121'.
11:17:59 INFO  : Jtag cable 'Digilent Basys3 210183B31B4FA' is selected.
11:17:59 INFO  : 'jtag frequency' command is executed.
11:17:59 INFO  : 'configparams mdm-detect-bscan-mask 2' command is executed.
11:17:59 INFO  : Context for processor 'microblaze_0' is selected.
11:17:59 INFO  : Processor reset is completed for 'microblaze_0'.
11:17:59 INFO  : Context for processor 'microblaze_0' is selected.
11:17:59 INFO  : The application 'C:/Users/Student/Desktop/152BFall25/CSM152B/Lab_3_3/Lab_3_3.sdk/ipi-gsg/Debug/ipi-gsg.elf' is downloaded to processor 'microblaze_0'.
11:17:59 INFO  : ----------------XSDB Script----------------
connect -url tcp:127.0.0.1:3121
configparams mdm-detect-bscan-mask 2
targets -set -nocase -filter {name =~ "microblaze*#0" && bscan=="USER2"  && jtag_cable_name =~ "Digilent Basys3 210183B31B4FA"} -index 0
rst -processor
targets -set -nocase -filter {name =~ "microblaze*#0" && bscan=="USER2"  && jtag_cable_name =~ "Digilent Basys3 210183B31B4FA"} -index 0
dow C:/Users/Student/Desktop/152BFall25/CSM152B/Lab_3_3/Lab_3_3.sdk/ipi-gsg/Debug/ipi-gsg.elf
----------------End of Script----------------

11:17:59 INFO  : Memory regions updated for context PA
11:17:59 INFO  : Memory regions updated for context PA
11:17:59 INFO  : Context for processor 'microblaze_0' is selected.
11:17:59 INFO  : 'con' command is executed.
11:17:59 INFO  : ----------------XSDB Script (After Launch)----------------
targets -set -nocase -filter {name =~ "microblaze*#0" && bscan=="USER2"  && jtag_cable_name =~ "Digilent Basys3 210183B31B4FA"} -index 0
con
----------------End of Script----------------

11:17:59 INFO  : Launch script is exported to file 'C:\Users\Student\Desktop\152BFall25\CSM152B\Lab_3_3\Lab_3_3.sdk\.sdk\launch_scripts\xilinx_c-c++_application_(system_debugger)\system_debugger_using_debug_ipi-gsg.elf_on_local.tcl'
11:18:47 INFO  : Disconnected from the channel tcfchan#26.
11:18:48 INFO  : 'targets -set -filter {jtag_cable_name =~ "Digilent Basys3 210183B31B4FA" && level==0} -index 0' command is executed.
11:18:48 INFO  : 'fpga -state' command is executed.
11:18:48 INFO  : Connected to target on host '127.0.0.1' and port '3121'.
11:18:48 INFO  : Jtag cable 'Digilent Basys3 210183B31B4FA' is selected.
11:18:48 INFO  : 'jtag frequency' command is executed.
11:18:48 INFO  : 'configparams mdm-detect-bscan-mask 2' command is executed.
11:18:48 INFO  : Context for processor 'microblaze_0' is selected.
11:18:48 INFO  : Processor reset is completed for 'microblaze_0'.
11:18:48 INFO  : Context for processor 'microblaze_0' is selected.
11:18:48 INFO  : The application 'C:/Users/Student/Desktop/152BFall25/CSM152B/Lab_3_3/Lab_3_3.sdk/ipi-gsg/Debug/ipi-gsg.elf' is downloaded to processor 'microblaze_0'.
11:18:48 INFO  : ----------------XSDB Script----------------
connect -url tcp:127.0.0.1:3121
configparams mdm-detect-bscan-mask 2
targets -set -nocase -filter {name =~ "microblaze*#0" && bscan=="USER2"  && jtag_cable_name =~ "Digilent Basys3 210183B31B4FA"} -index 0
rst -processor
targets -set -nocase -filter {name =~ "microblaze*#0" && bscan=="USER2"  && jtag_cable_name =~ "Digilent Basys3 210183B31B4FA"} -index 0
dow C:/Users/Student/Desktop/152BFall25/CSM152B/Lab_3_3/Lab_3_3.sdk/ipi-gsg/Debug/ipi-gsg.elf
----------------End of Script----------------

11:18:48 INFO  : Memory regions updated for context PA
11:18:48 INFO  : Memory regions updated for context PA
11:18:49 INFO  : Context for processor 'microblaze_0' is selected.
11:18:49 INFO  : 'con' command is executed.
11:18:49 INFO  : ----------------XSDB Script (After Launch)----------------
targets -set -nocase -filter {name =~ "microblaze*#0" && bscan=="USER2"  && jtag_cable_name =~ "Digilent Basys3 210183B31B4FA"} -index 0
con
----------------End of Script----------------

11:18:49 INFO  : Launch script is exported to file 'C:\Users\Student\Desktop\152BFall25\CSM152B\Lab_3_3\Lab_3_3.sdk\.sdk\launch_scripts\xilinx_c-c++_application_(system_debugger)\system_debugger_using_debug_ipi-gsg.elf_on_local.tcl'
11:24:18 INFO  : Disconnected from the channel tcfchan#27.
11:24:19 INFO  : 'targets -set -filter {jtag_cable_name =~ "Digilent Basys3 210183B31B4FA" && level==0} -index 0' command is executed.
11:24:19 INFO  : 'fpga -state' command is executed.
11:24:19 INFO  : Connected to target on host '127.0.0.1' and port '3121'.
11:24:19 INFO  : Jtag cable 'Digilent Basys3 210183B31B4FA' is selected.
11:24:19 INFO  : 'jtag frequency' command is executed.
11:24:19 INFO  : 'configparams mdm-detect-bscan-mask 2' command is executed.
11:24:19 INFO  : Context for processor 'microblaze_0' is selected.
11:24:19 INFO  : Processor reset is completed for 'microblaze_0'.
11:24:19 INFO  : Context for processor 'microblaze_0' is selected.
11:24:19 INFO  : The application 'C:/Users/Student/Desktop/152BFall25/CSM152B/Lab_3_3/Lab_3_3.sdk/ipi-gsg/Debug/ipi-gsg.elf' is downloaded to processor 'microblaze_0'.
11:24:19 INFO  : ----------------XSDB Script----------------
connect -url tcp:127.0.0.1:3121
configparams mdm-detect-bscan-mask 2
targets -set -nocase -filter {name =~ "microblaze*#0" && bscan=="USER2"  && jtag_cable_name =~ "Digilent Basys3 210183B31B4FA"} -index 0
rst -processor
targets -set -nocase -filter {name =~ "microblaze*#0" && bscan=="USER2"  && jtag_cable_name =~ "Digilent Basys3 210183B31B4FA"} -index 0
dow C:/Users/Student/Desktop/152BFall25/CSM152B/Lab_3_3/Lab_3_3.sdk/ipi-gsg/Debug/ipi-gsg.elf
----------------End of Script----------------

11:24:19 INFO  : Memory regions updated for context PA
11:24:19 INFO  : Memory regions updated for context PA
11:24:20 INFO  : Context for processor 'microblaze_0' is selected.
11:24:20 INFO  : 'con' command is executed.
11:24:20 INFO  : ----------------XSDB Script (After Launch)----------------
targets -set -nocase -filter {name =~ "microblaze*#0" && bscan=="USER2"  && jtag_cable_name =~ "Digilent Basys3 210183B31B4FA"} -index 0
con
----------------End of Script----------------

11:24:20 INFO  : Launch script is exported to file 'C:\Users\Student\Desktop\152BFall25\CSM152B\Lab_3_3\Lab_3_3.sdk\.sdk\launch_scripts\xilinx_c-c++_application_(system_debugger)\system_debugger_using_debug_ipi-gsg.elf_on_local.tcl'
11:25:33 INFO  : Disconnected from the channel tcfchan#28.
11:25:34 INFO  : 'targets -set -filter {jtag_cable_name =~ "Digilent Basys3 210183B31B4FA" && level==0} -index 0' command is executed.
11:25:34 INFO  : 'fpga -state' command is executed.
11:25:34 INFO  : Connected to target on host '127.0.0.1' and port '3121'.
11:25:35 INFO  : Jtag cable 'Digilent Basys3 210183B31B4FA' is selected.
11:25:35 INFO  : 'jtag frequency' command is executed.
11:25:35 INFO  : 'configparams mdm-detect-bscan-mask 2' command is executed.
11:25:35 INFO  : Context for processor 'microblaze_0' is selected.
11:25:35 INFO  : Processor reset is completed for 'microblaze_0'.
11:25:35 INFO  : Context for processor 'microblaze_0' is selected.
11:25:35 INFO  : The application 'C:/Users/Student/Desktop/152BFall25/CSM152B/Lab_3_3/Lab_3_3.sdk/ipi-gsg/Debug/ipi-gsg.elf' is downloaded to processor 'microblaze_0'.
11:25:35 INFO  : ----------------XSDB Script----------------
connect -url tcp:127.0.0.1:3121
configparams mdm-detect-bscan-mask 2
targets -set -nocase -filter {name =~ "microblaze*#0" && bscan=="USER2"  && jtag_cable_name =~ "Digilent Basys3 210183B31B4FA"} -index 0
rst -processor
targets -set -nocase -filter {name =~ "microblaze*#0" && bscan=="USER2"  && jtag_cable_name =~ "Digilent Basys3 210183B31B4FA"} -index 0
dow C:/Users/Student/Desktop/152BFall25/CSM152B/Lab_3_3/Lab_3_3.sdk/ipi-gsg/Debug/ipi-gsg.elf
----------------End of Script----------------

11:25:35 INFO  : Memory regions updated for context PA
11:25:35 INFO  : Memory regions updated for context PA
11:25:35 INFO  : Context for processor 'microblaze_0' is selected.
11:25:35 INFO  : 'con' command is executed.
11:25:35 INFO  : ----------------XSDB Script (After Launch)----------------
targets -set -nocase -filter {name =~ "microblaze*#0" && bscan=="USER2"  && jtag_cable_name =~ "Digilent Basys3 210183B31B4FA"} -index 0
con
----------------End of Script----------------

11:25:35 INFO  : Launch script is exported to file 'C:\Users\Student\Desktop\152BFall25\CSM152B\Lab_3_3\Lab_3_3.sdk\.sdk\launch_scripts\xilinx_c-c++_application_(system_debugger)\system_debugger_using_debug_ipi-gsg.elf_on_local.tcl'
11:26:14 INFO  : Disconnected from the channel tcfchan#29.
11:26:15 INFO  : 'targets -set -filter {jtag_cable_name =~ "Digilent Basys3 210183B31B4FA" && level==0} -index 0' command is executed.
11:26:15 INFO  : 'fpga -state' command is executed.
11:26:15 INFO  : Connected to target on host '127.0.0.1' and port '3121'.
11:26:15 INFO  : Jtag cable 'Digilent Basys3 210183B31B4FA' is selected.
11:26:15 INFO  : 'jtag frequency' command is executed.
11:26:15 INFO  : 'configparams mdm-detect-bscan-mask 2' command is executed.
11:26:15 INFO  : Context for processor 'microblaze_0' is selected.
11:26:15 INFO  : Processor reset is completed for 'microblaze_0'.
11:26:15 INFO  : Context for processor 'microblaze_0' is selected.
11:26:15 INFO  : The application 'C:/Users/Student/Desktop/152BFall25/CSM152B/Lab_3_3/Lab_3_3.sdk/ipi-gsg/Debug/ipi-gsg.elf' is downloaded to processor 'microblaze_0'.
11:26:15 INFO  : ----------------XSDB Script----------------
connect -url tcp:127.0.0.1:3121
configparams mdm-detect-bscan-mask 2
targets -set -nocase -filter {name =~ "microblaze*#0" && bscan=="USER2"  && jtag_cable_name =~ "Digilent Basys3 210183B31B4FA"} -index 0
rst -processor
targets -set -nocase -filter {name =~ "microblaze*#0" && bscan=="USER2"  && jtag_cable_name =~ "Digilent Basys3 210183B31B4FA"} -index 0
dow C:/Users/Student/Desktop/152BFall25/CSM152B/Lab_3_3/Lab_3_3.sdk/ipi-gsg/Debug/ipi-gsg.elf
----------------End of Script----------------

11:26:16 INFO  : Memory regions updated for context PA
11:26:16 INFO  : Memory regions updated for context PA
11:26:16 INFO  : Context for processor 'microblaze_0' is selected.
11:26:16 INFO  : 'con' command is executed.
11:26:16 INFO  : ----------------XSDB Script (After Launch)----------------
targets -set -nocase -filter {name =~ "microblaze*#0" && bscan=="USER2"  && jtag_cable_name =~ "Digilent Basys3 210183B31B4FA"} -index 0
con
----------------End of Script----------------

11:26:16 INFO  : Launch script is exported to file 'C:\Users\Student\Desktop\152BFall25\CSM152B\Lab_3_3\Lab_3_3.sdk\.sdk\launch_scripts\xilinx_c-c++_application_(system_debugger)\system_debugger_using_debug_ipi-gsg.elf_on_local.tcl'
11:26:55 INFO  : Disconnected from the channel tcfchan#30.
11:26:56 INFO  : 'targets -set -filter {jtag_cable_name =~ "Digilent Basys3 210183B31B4FA" && level==0} -index 0' command is executed.
11:26:56 INFO  : 'fpga -state' command is executed.
11:26:56 INFO  : Connected to target on host '127.0.0.1' and port '3121'.
11:26:57 INFO  : Jtag cable 'Digilent Basys3 210183B31B4FA' is selected.
11:26:57 INFO  : 'jtag frequency' command is executed.
11:26:57 INFO  : 'configparams mdm-detect-bscan-mask 2' command is executed.
11:26:57 INFO  : Context for processor 'microblaze_0' is selected.
11:26:57 INFO  : Processor reset is completed for 'microblaze_0'.
11:26:57 INFO  : Context for processor 'microblaze_0' is selected.
11:26:57 INFO  : The application 'C:/Users/Student/Desktop/152BFall25/CSM152B/Lab_3_3/Lab_3_3.sdk/ipi-gsg/Debug/ipi-gsg.elf' is downloaded to processor 'microblaze_0'.
11:26:57 INFO  : ----------------XSDB Script----------------
connect -url tcp:127.0.0.1:3121
configparams mdm-detect-bscan-mask 2
targets -set -nocase -filter {name =~ "microblaze*#0" && bscan=="USER2"  && jtag_cable_name =~ "Digilent Basys3 210183B31B4FA"} -index 0
rst -processor
targets -set -nocase -filter {name =~ "microblaze*#0" && bscan=="USER2"  && jtag_cable_name =~ "Digilent Basys3 210183B31B4FA"} -index 0
dow C:/Users/Student/Desktop/152BFall25/CSM152B/Lab_3_3/Lab_3_3.sdk/ipi-gsg/Debug/ipi-gsg.elf
----------------End of Script----------------

11:26:57 INFO  : Memory regions updated for context PA
11:26:57 INFO  : Memory regions updated for context PA
11:26:57 INFO  : Context for processor 'microblaze_0' is selected.
11:26:57 INFO  : 'con' command is executed.
11:26:57 INFO  : ----------------XSDB Script (After Launch)----------------
targets -set -nocase -filter {name =~ "microblaze*#0" && bscan=="USER2"  && jtag_cable_name =~ "Digilent Basys3 210183B31B4FA"} -index 0
con
----------------End of Script----------------

11:26:57 INFO  : Launch script is exported to file 'C:\Users\Student\Desktop\152BFall25\CSM152B\Lab_3_3\Lab_3_3.sdk\.sdk\launch_scripts\xilinx_c-c++_application_(system_debugger)\system_debugger_using_debug_ipi-gsg.elf_on_local.tcl'
11:27:32 INFO  : Disconnected from the channel tcfchan#31.
11:27:33 INFO  : 'targets -set -filter {jtag_cable_name =~ "Digilent Basys3 210183B31B4FA" && level==0} -index 0' command is executed.
11:27:33 INFO  : 'fpga -state' command is executed.
11:27:33 INFO  : Connected to target on host '127.0.0.1' and port '3121'.
11:27:34 INFO  : Jtag cable 'Digilent Basys3 210183B31B4FA' is selected.
11:27:34 INFO  : 'jtag frequency' command is executed.
11:27:34 INFO  : 'configparams mdm-detect-bscan-mask 2' command is executed.
11:27:34 INFO  : Context for processor 'microblaze_0' is selected.
11:27:34 INFO  : Processor reset is completed for 'microblaze_0'.
11:27:34 INFO  : Context for processor 'microblaze_0' is selected.
11:27:34 INFO  : The application 'C:/Users/Student/Desktop/152BFall25/CSM152B/Lab_3_3/Lab_3_3.sdk/ipi-gsg/Debug/ipi-gsg.elf' is downloaded to processor 'microblaze_0'.
11:27:34 INFO  : ----------------XSDB Script----------------
connect -url tcp:127.0.0.1:3121
configparams mdm-detect-bscan-mask 2
targets -set -nocase -filter {name =~ "microblaze*#0" && bscan=="USER2"  && jtag_cable_name =~ "Digilent Basys3 210183B31B4FA"} -index 0
rst -processor
targets -set -nocase -filter {name =~ "microblaze*#0" && bscan=="USER2"  && jtag_cable_name =~ "Digilent Basys3 210183B31B4FA"} -index 0
dow C:/Users/Student/Desktop/152BFall25/CSM152B/Lab_3_3/Lab_3_3.sdk/ipi-gsg/Debug/ipi-gsg.elf
----------------End of Script----------------

11:27:34 INFO  : Memory regions updated for context PA
11:27:34 INFO  : Memory regions updated for context PA
11:27:34 INFO  : Context for processor 'microblaze_0' is selected.
11:27:34 INFO  : 'con' command is executed.
11:27:34 INFO  : ----------------XSDB Script (After Launch)----------------
targets -set -nocase -filter {name =~ "microblaze*#0" && bscan=="USER2"  && jtag_cable_name =~ "Digilent Basys3 210183B31B4FA"} -index 0
con
----------------End of Script----------------

11:27:34 INFO  : Launch script is exported to file 'C:\Users\Student\Desktop\152BFall25\CSM152B\Lab_3_3\Lab_3_3.sdk\.sdk\launch_scripts\xilinx_c-c++_application_(system_debugger)\system_debugger_using_debug_ipi-gsg.elf_on_local.tcl'
11:28:45 INFO  : Disconnected from the channel tcfchan#32.
11:28:46 INFO  : 'targets -set -filter {jtag_cable_name =~ "Digilent Basys3 210183B31B4FA" && level==0} -index 0' command is executed.
11:28:46 INFO  : 'fpga -state' command is executed.
11:28:46 INFO  : Connected to target on host '127.0.0.1' and port '3121'.
11:28:47 INFO  : Jtag cable 'Digilent Basys3 210183B31B4FA' is selected.
11:28:47 INFO  : 'jtag frequency' command is executed.
11:28:47 INFO  : 'configparams mdm-detect-bscan-mask 2' command is executed.
11:28:47 INFO  : Context for processor 'microblaze_0' is selected.
11:28:47 INFO  : Processor reset is completed for 'microblaze_0'.
11:28:47 INFO  : Context for processor 'microblaze_0' is selected.
11:28:47 INFO  : The application 'C:/Users/Student/Desktop/152BFall25/CSM152B/Lab_3_3/Lab_3_3.sdk/ipi-gsg/Debug/ipi-gsg.elf' is downloaded to processor 'microblaze_0'.
11:28:47 INFO  : ----------------XSDB Script----------------
connect -url tcp:127.0.0.1:3121
configparams mdm-detect-bscan-mask 2
targets -set -nocase -filter {name =~ "microblaze*#0" && bscan=="USER2"  && jtag_cable_name =~ "Digilent Basys3 210183B31B4FA"} -index 0
rst -processor
targets -set -nocase -filter {name =~ "microblaze*#0" && bscan=="USER2"  && jtag_cable_name =~ "Digilent Basys3 210183B31B4FA"} -index 0
dow C:/Users/Student/Desktop/152BFall25/CSM152B/Lab_3_3/Lab_3_3.sdk/ipi-gsg/Debug/ipi-gsg.elf
----------------End of Script----------------

11:28:47 INFO  : Memory regions updated for context PA
11:28:47 INFO  : Memory regions updated for context PA
11:28:47 INFO  : Context for processor 'microblaze_0' is selected.
11:28:47 INFO  : 'con' command is executed.
11:28:47 INFO  : ----------------XSDB Script (After Launch)----------------
targets -set -nocase -filter {name =~ "microblaze*#0" && bscan=="USER2"  && jtag_cable_name =~ "Digilent Basys3 210183B31B4FA"} -index 0
con
----------------End of Script----------------

11:28:47 INFO  : Launch script is exported to file 'C:\Users\Student\Desktop\152BFall25\CSM152B\Lab_3_3\Lab_3_3.sdk\.sdk\launch_scripts\xilinx_c-c++_application_(system_debugger)\system_debugger_using_debug_ipi-gsg.elf_on_local.tcl'
11:29:13 INFO  : Disconnected from the channel tcfchan#33.
11:29:14 INFO  : 'targets -set -filter {jtag_cable_name =~ "Digilent Basys3 210183B31B4FA" && level==0} -index 0' command is executed.
11:29:14 INFO  : 'fpga -state' command is executed.
11:29:14 INFO  : Connected to target on host '127.0.0.1' and port '3121'.
11:29:15 INFO  : Jtag cable 'Digilent Basys3 210183B31B4FA' is selected.
11:29:15 INFO  : 'jtag frequency' command is executed.
11:29:15 INFO  : 'configparams mdm-detect-bscan-mask 2' command is executed.
11:29:15 INFO  : Context for processor 'microblaze_0' is selected.
11:29:15 INFO  : Processor reset is completed for 'microblaze_0'.
11:29:15 INFO  : Context for processor 'microblaze_0' is selected.
11:29:15 INFO  : The application 'C:/Users/Student/Desktop/152BFall25/CSM152B/Lab_3_3/Lab_3_3.sdk/ipi-gsg/Debug/ipi-gsg.elf' is downloaded to processor 'microblaze_0'.
11:29:15 INFO  : ----------------XSDB Script----------------
connect -url tcp:127.0.0.1:3121
configparams mdm-detect-bscan-mask 2
targets -set -nocase -filter {name =~ "microblaze*#0" && bscan=="USER2"  && jtag_cable_name =~ "Digilent Basys3 210183B31B4FA"} -index 0
rst -processor
targets -set -nocase -filter {name =~ "microblaze*#0" && bscan=="USER2"  && jtag_cable_name =~ "Digilent Basys3 210183B31B4FA"} -index 0
dow C:/Users/Student/Desktop/152BFall25/CSM152B/Lab_3_3/Lab_3_3.sdk/ipi-gsg/Debug/ipi-gsg.elf
----------------End of Script----------------

11:29:15 INFO  : Memory regions updated for context PA
11:29:15 INFO  : Memory regions updated for context PA
11:29:15 INFO  : Context for processor 'microblaze_0' is selected.
11:29:15 INFO  : 'con' command is executed.
11:29:15 INFO  : ----------------XSDB Script (After Launch)----------------
targets -set -nocase -filter {name =~ "microblaze*#0" && bscan=="USER2"  && jtag_cable_name =~ "Digilent Basys3 210183B31B4FA"} -index 0
con
----------------End of Script----------------

11:29:15 INFO  : Launch script is exported to file 'C:\Users\Student\Desktop\152BFall25\CSM152B\Lab_3_3\Lab_3_3.sdk\.sdk\launch_scripts\xilinx_c-c++_application_(system_debugger)\system_debugger_using_debug_ipi-gsg.elf_on_local.tcl'
11:32:57 INFO  : Disconnected from the channel tcfchan#34.
11:32:58 INFO  : 'targets -set -filter {jtag_cable_name =~ "Digilent Basys3 210183B31B4FA" && level==0} -index 0' command is executed.
11:32:58 INFO  : 'fpga -state' command is executed.
11:32:58 INFO  : Connected to target on host '127.0.0.1' and port '3121'.
11:32:58 INFO  : Jtag cable 'Digilent Basys3 210183B31B4FA' is selected.
11:32:58 INFO  : 'jtag frequency' command is executed.
11:32:58 INFO  : 'configparams mdm-detect-bscan-mask 2' command is executed.
11:32:58 INFO  : Context for processor 'microblaze_0' is selected.
11:32:58 INFO  : Processor reset is completed for 'microblaze_0'.
11:32:58 INFO  : Context for processor 'microblaze_0' is selected.
11:32:59 INFO  : The application 'C:/Users/Student/Desktop/152BFall25/CSM152B/Lab_3_3/Lab_3_3.sdk/ipi-gsg/Debug/ipi-gsg.elf' is downloaded to processor 'microblaze_0'.
11:32:59 INFO  : ----------------XSDB Script----------------
connect -url tcp:127.0.0.1:3121
configparams mdm-detect-bscan-mask 2
targets -set -nocase -filter {name =~ "microblaze*#0" && bscan=="USER2"  && jtag_cable_name =~ "Digilent Basys3 210183B31B4FA"} -index 0
rst -processor
targets -set -nocase -filter {name =~ "microblaze*#0" && bscan=="USER2"  && jtag_cable_name =~ "Digilent Basys3 210183B31B4FA"} -index 0
dow C:/Users/Student/Desktop/152BFall25/CSM152B/Lab_3_3/Lab_3_3.sdk/ipi-gsg/Debug/ipi-gsg.elf
----------------End of Script----------------

11:32:59 INFO  : Memory regions updated for context PA
11:32:59 INFO  : Memory regions updated for context PA
11:32:59 INFO  : Context for processor 'microblaze_0' is selected.
11:32:59 INFO  : 'con' command is executed.
11:32:59 INFO  : ----------------XSDB Script (After Launch)----------------
targets -set -nocase -filter {name =~ "microblaze*#0" && bscan=="USER2"  && jtag_cable_name =~ "Digilent Basys3 210183B31B4FA"} -index 0
con
----------------End of Script----------------

11:32:59 INFO  : Launch script is exported to file 'C:\Users\Student\Desktop\152BFall25\CSM152B\Lab_3_3\Lab_3_3.sdk\.sdk\launch_scripts\xilinx_c-c++_application_(system_debugger)\system_debugger_using_debug_ipi-gsg.elf_on_local.tcl'
11:33:26 INFO  : Disconnected from the channel tcfchan#35.
11:33:27 INFO  : 'targets -set -filter {jtag_cable_name =~ "Digilent Basys3 210183B31B4FA" && level==0} -index 0' command is executed.
11:33:27 INFO  : 'fpga -state' command is executed.
11:33:27 INFO  : Connected to target on host '127.0.0.1' and port '3121'.
11:33:27 INFO  : Jtag cable 'Digilent Basys3 210183B31B4FA' is selected.
11:33:27 INFO  : 'jtag frequency' command is executed.
11:33:27 INFO  : 'configparams mdm-detect-bscan-mask 2' command is executed.
11:33:27 INFO  : Context for processor 'microblaze_0' is selected.
11:33:27 INFO  : Processor reset is completed for 'microblaze_0'.
11:33:27 INFO  : Context for processor 'microblaze_0' is selected.
11:33:27 INFO  : The application 'C:/Users/Student/Desktop/152BFall25/CSM152B/Lab_3_3/Lab_3_3.sdk/ipi-gsg/Debug/ipi-gsg.elf' is downloaded to processor 'microblaze_0'.
11:33:27 INFO  : ----------------XSDB Script----------------
connect -url tcp:127.0.0.1:3121
configparams mdm-detect-bscan-mask 2
targets -set -nocase -filter {name =~ "microblaze*#0" && bscan=="USER2"  && jtag_cable_name =~ "Digilent Basys3 210183B31B4FA"} -index 0
rst -processor
targets -set -nocase -filter {name =~ "microblaze*#0" && bscan=="USER2"  && jtag_cable_name =~ "Digilent Basys3 210183B31B4FA"} -index 0
dow C:/Users/Student/Desktop/152BFall25/CSM152B/Lab_3_3/Lab_3_3.sdk/ipi-gsg/Debug/ipi-gsg.elf
----------------End of Script----------------

11:33:28 INFO  : Memory regions updated for context PA
11:33:28 INFO  : Memory regions updated for context PA
11:33:28 INFO  : Context for processor 'microblaze_0' is selected.
11:33:28 INFO  : 'con' command is executed.
11:33:28 INFO  : ----------------XSDB Script (After Launch)----------------
targets -set -nocase -filter {name =~ "microblaze*#0" && bscan=="USER2"  && jtag_cable_name =~ "Digilent Basys3 210183B31B4FA"} -index 0
con
----------------End of Script----------------

11:33:28 INFO  : Launch script is exported to file 'C:\Users\Student\Desktop\152BFall25\CSM152B\Lab_3_3\Lab_3_3.sdk\.sdk\launch_scripts\xilinx_c-c++_application_(system_debugger)\system_debugger_using_debug_ipi-gsg.elf_on_local.tcl'
11:33:50 INFO  : Disconnected from the channel tcfchan#36.
11:33:51 INFO  : 'targets -set -filter {jtag_cable_name =~ "Digilent Basys3 210183B31B4FA" && level==0} -index 0' command is executed.
11:33:51 INFO  : 'fpga -state' command is executed.
11:33:51 INFO  : Connected to target on host '127.0.0.1' and port '3121'.
11:33:52 INFO  : Jtag cable 'Digilent Basys3 210183B31B4FA' is selected.
11:33:52 INFO  : 'jtag frequency' command is executed.
11:33:52 INFO  : 'configparams mdm-detect-bscan-mask 2' command is executed.
11:33:52 INFO  : Context for processor 'microblaze_0' is selected.
11:33:52 INFO  : Processor reset is completed for 'microblaze_0'.
11:33:52 INFO  : Context for processor 'microblaze_0' is selected.
11:33:52 INFO  : The application 'C:/Users/Student/Desktop/152BFall25/CSM152B/Lab_3_3/Lab_3_3.sdk/ipi-gsg/Debug/ipi-gsg.elf' is downloaded to processor 'microblaze_0'.
11:33:52 INFO  : ----------------XSDB Script----------------
connect -url tcp:127.0.0.1:3121
configparams mdm-detect-bscan-mask 2
targets -set -nocase -filter {name =~ "microblaze*#0" && bscan=="USER2"  && jtag_cable_name =~ "Digilent Basys3 210183B31B4FA"} -index 0
rst -processor
targets -set -nocase -filter {name =~ "microblaze*#0" && bscan=="USER2"  && jtag_cable_name =~ "Digilent Basys3 210183B31B4FA"} -index 0
dow C:/Users/Student/Desktop/152BFall25/CSM152B/Lab_3_3/Lab_3_3.sdk/ipi-gsg/Debug/ipi-gsg.elf
----------------End of Script----------------

11:33:52 INFO  : Memory regions updated for context PA
11:33:52 INFO  : Memory regions updated for context PA
11:33:52 INFO  : Context for processor 'microblaze_0' is selected.
11:33:52 INFO  : 'con' command is executed.
11:33:52 INFO  : ----------------XSDB Script (After Launch)----------------
targets -set -nocase -filter {name =~ "microblaze*#0" && bscan=="USER2"  && jtag_cable_name =~ "Digilent Basys3 210183B31B4FA"} -index 0
con
----------------End of Script----------------

11:33:52 INFO  : Launch script is exported to file 'C:\Users\Student\Desktop\152BFall25\CSM152B\Lab_3_3\Lab_3_3.sdk\.sdk\launch_scripts\xilinx_c-c++_application_(system_debugger)\system_debugger_using_debug_ipi-gsg.elf_on_local.tcl'
11:34:17 INFO  : Disconnected from the channel tcfchan#37.
11:34:18 INFO  : 'targets -set -filter {jtag_cable_name =~ "Digilent Basys3 210183B31B4FA" && level==0} -index 0' command is executed.
11:34:18 INFO  : 'fpga -state' command is executed.
11:34:18 INFO  : Connected to target on host '127.0.0.1' and port '3121'.
11:34:19 INFO  : Jtag cable 'Digilent Basys3 210183B31B4FA' is selected.
11:34:19 INFO  : 'jtag frequency' command is executed.
11:34:19 INFO  : 'configparams mdm-detect-bscan-mask 2' command is executed.
11:34:19 INFO  : Context for processor 'microblaze_0' is selected.
11:34:19 INFO  : Processor reset is completed for 'microblaze_0'.
11:34:19 INFO  : Context for processor 'microblaze_0' is selected.
11:34:19 INFO  : The application 'C:/Users/Student/Desktop/152BFall25/CSM152B/Lab_3_3/Lab_3_3.sdk/ipi-gsg/Debug/ipi-gsg.elf' is downloaded to processor 'microblaze_0'.
11:34:19 INFO  : ----------------XSDB Script----------------
connect -url tcp:127.0.0.1:3121
configparams mdm-detect-bscan-mask 2
targets -set -nocase -filter {name =~ "microblaze*#0" && bscan=="USER2"  && jtag_cable_name =~ "Digilent Basys3 210183B31B4FA"} -index 0
rst -processor
targets -set -nocase -filter {name =~ "microblaze*#0" && bscan=="USER2"  && jtag_cable_name =~ "Digilent Basys3 210183B31B4FA"} -index 0
dow C:/Users/Student/Desktop/152BFall25/CSM152B/Lab_3_3/Lab_3_3.sdk/ipi-gsg/Debug/ipi-gsg.elf
----------------End of Script----------------

11:34:19 INFO  : Memory regions updated for context PA
11:34:19 INFO  : Memory regions updated for context PA
11:34:19 INFO  : Context for processor 'microblaze_0' is selected.
11:34:19 INFO  : 'con' command is executed.
11:34:19 INFO  : ----------------XSDB Script (After Launch)----------------
targets -set -nocase -filter {name =~ "microblaze*#0" && bscan=="USER2"  && jtag_cable_name =~ "Digilent Basys3 210183B31B4FA"} -index 0
con
----------------End of Script----------------

11:34:19 INFO  : Launch script is exported to file 'C:\Users\Student\Desktop\152BFall25\CSM152B\Lab_3_3\Lab_3_3.sdk\.sdk\launch_scripts\xilinx_c-c++_application_(system_debugger)\system_debugger_using_debug_ipi-gsg.elf_on_local.tcl'
11:34:36 INFO  : Disconnected from the channel tcfchan#38.
11:34:37 INFO  : 'targets -set -filter {jtag_cable_name =~ "Digilent Basys3 210183B31B4FA" && level==0} -index 0' command is executed.
11:34:37 INFO  : 'fpga -state' command is executed.
11:34:37 INFO  : Connected to target on host '127.0.0.1' and port '3121'.
11:34:37 INFO  : Jtag cable 'Digilent Basys3 210183B31B4FA' is selected.
11:34:37 INFO  : 'jtag frequency' command is executed.
11:34:37 INFO  : 'configparams mdm-detect-bscan-mask 2' command is executed.
11:34:37 INFO  : Context for processor 'microblaze_0' is selected.
11:34:37 INFO  : Processor reset is completed for 'microblaze_0'.
11:34:37 INFO  : Context for processor 'microblaze_0' is selected.
11:34:37 INFO  : The application 'C:/Users/Student/Desktop/152BFall25/CSM152B/Lab_3_3/Lab_3_3.sdk/ipi-gsg/Debug/ipi-gsg.elf' is downloaded to processor 'microblaze_0'.
11:34:37 INFO  : ----------------XSDB Script----------------
connect -url tcp:127.0.0.1:3121
configparams mdm-detect-bscan-mask 2
targets -set -nocase -filter {name =~ "microblaze*#0" && bscan=="USER2"  && jtag_cable_name =~ "Digilent Basys3 210183B31B4FA"} -index 0
rst -processor
targets -set -nocase -filter {name =~ "microblaze*#0" && bscan=="USER2"  && jtag_cable_name =~ "Digilent Basys3 210183B31B4FA"} -index 0
dow C:/Users/Student/Desktop/152BFall25/CSM152B/Lab_3_3/Lab_3_3.sdk/ipi-gsg/Debug/ipi-gsg.elf
----------------End of Script----------------

11:34:38 INFO  : Memory regions updated for context PA
11:34:38 INFO  : Memory regions updated for context PA
11:34:38 INFO  : Context for processor 'microblaze_0' is selected.
11:34:38 INFO  : 'con' command is executed.
11:34:38 INFO  : ----------------XSDB Script (After Launch)----------------
targets -set -nocase -filter {name =~ "microblaze*#0" && bscan=="USER2"  && jtag_cable_name =~ "Digilent Basys3 210183B31B4FA"} -index 0
con
----------------End of Script----------------

11:34:38 INFO  : Launch script is exported to file 'C:\Users\Student\Desktop\152BFall25\CSM152B\Lab_3_3\Lab_3_3.sdk\.sdk\launch_scripts\xilinx_c-c++_application_(system_debugger)\system_debugger_using_debug_ipi-gsg.elf_on_local.tcl'
11:35:33 INFO  : Disconnected from the channel tcfchan#39.
11:35:34 INFO  : 'targets -set -filter {jtag_cable_name =~ "Digilent Basys3 210183B31B4FA" && level==0} -index 0' command is executed.
11:35:34 INFO  : 'fpga -state' command is executed.
11:35:34 INFO  : Connected to target on host '127.0.0.1' and port '3121'.
11:35:35 INFO  : Jtag cable 'Digilent Basys3 210183B31B4FA' is selected.
11:35:35 INFO  : 'jtag frequency' command is executed.
11:35:35 INFO  : 'configparams mdm-detect-bscan-mask 2' command is executed.
11:35:35 INFO  : Context for processor 'microblaze_0' is selected.
11:35:35 INFO  : Processor reset is completed for 'microblaze_0'.
11:35:35 INFO  : Context for processor 'microblaze_0' is selected.
11:35:35 INFO  : The application 'C:/Users/Student/Desktop/152BFall25/CSM152B/Lab_3_3/Lab_3_3.sdk/ipi-gsg/Debug/ipi-gsg.elf' is downloaded to processor 'microblaze_0'.
11:35:35 INFO  : ----------------XSDB Script----------------
connect -url tcp:127.0.0.1:3121
configparams mdm-detect-bscan-mask 2
targets -set -nocase -filter {name =~ "microblaze*#0" && bscan=="USER2"  && jtag_cable_name =~ "Digilent Basys3 210183B31B4FA"} -index 0
rst -processor
targets -set -nocase -filter {name =~ "microblaze*#0" && bscan=="USER2"  && jtag_cable_name =~ "Digilent Basys3 210183B31B4FA"} -index 0
dow C:/Users/Student/Desktop/152BFall25/CSM152B/Lab_3_3/Lab_3_3.sdk/ipi-gsg/Debug/ipi-gsg.elf
----------------End of Script----------------

11:35:35 INFO  : Memory regions updated for context PA
11:35:35 INFO  : Memory regions updated for context PA
11:35:35 INFO  : Context for processor 'microblaze_0' is selected.
11:35:35 INFO  : 'con' command is executed.
11:35:35 INFO  : ----------------XSDB Script (After Launch)----------------
targets -set -nocase -filter {name =~ "microblaze*#0" && bscan=="USER2"  && jtag_cable_name =~ "Digilent Basys3 210183B31B4FA"} -index 0
con
----------------End of Script----------------

11:35:35 INFO  : Launch script is exported to file 'C:\Users\Student\Desktop\152BFall25\CSM152B\Lab_3_3\Lab_3_3.sdk\.sdk\launch_scripts\xilinx_c-c++_application_(system_debugger)\system_debugger_using_debug_ipi-gsg.elf_on_local.tcl'
11:36:02 INFO  : Disconnected from the channel tcfchan#40.
11:36:03 INFO  : 'targets -set -filter {jtag_cable_name =~ "Digilent Basys3 210183B31B4FA" && level==0} -index 0' command is executed.
11:36:03 INFO  : 'fpga -state' command is executed.
11:36:03 INFO  : Connected to target on host '127.0.0.1' and port '3121'.
11:36:04 INFO  : Jtag cable 'Digilent Basys3 210183B31B4FA' is selected.
11:36:04 INFO  : 'jtag frequency' command is executed.
11:36:04 INFO  : 'configparams mdm-detect-bscan-mask 2' command is executed.
11:36:04 INFO  : Context for processor 'microblaze_0' is selected.
11:36:04 INFO  : Processor reset is completed for 'microblaze_0'.
11:36:04 INFO  : Context for processor 'microblaze_0' is selected.
11:36:04 INFO  : The application 'C:/Users/Student/Desktop/152BFall25/CSM152B/Lab_3_3/Lab_3_3.sdk/ipi-gsg/Debug/ipi-gsg.elf' is downloaded to processor 'microblaze_0'.
11:36:04 INFO  : ----------------XSDB Script----------------
connect -url tcp:127.0.0.1:3121
configparams mdm-detect-bscan-mask 2
targets -set -nocase -filter {name =~ "microblaze*#0" && bscan=="USER2"  && jtag_cable_name =~ "Digilent Basys3 210183B31B4FA"} -index 0
rst -processor
targets -set -nocase -filter {name =~ "microblaze*#0" && bscan=="USER2"  && jtag_cable_name =~ "Digilent Basys3 210183B31B4FA"} -index 0
dow C:/Users/Student/Desktop/152BFall25/CSM152B/Lab_3_3/Lab_3_3.sdk/ipi-gsg/Debug/ipi-gsg.elf
----------------End of Script----------------

11:36:04 INFO  : Memory regions updated for context PA
11:36:04 INFO  : Memory regions updated for context PA
11:36:04 INFO  : Context for processor 'microblaze_0' is selected.
11:36:04 INFO  : 'con' command is executed.
11:36:04 INFO  : ----------------XSDB Script (After Launch)----------------
targets -set -nocase -filter {name =~ "microblaze*#0" && bscan=="USER2"  && jtag_cable_name =~ "Digilent Basys3 210183B31B4FA"} -index 0
con
----------------End of Script----------------

11:36:04 INFO  : Launch script is exported to file 'C:\Users\Student\Desktop\152BFall25\CSM152B\Lab_3_3\Lab_3_3.sdk\.sdk\launch_scripts\xilinx_c-c++_application_(system_debugger)\system_debugger_using_debug_ipi-gsg.elf_on_local.tcl'
11:36:32 INFO  : Disconnected from the channel tcfchan#41.
11:36:33 INFO  : 'targets -set -filter {jtag_cable_name =~ "Digilent Basys3 210183B31B4FA" && level==0} -index 0' command is executed.
11:36:33 INFO  : 'fpga -state' command is executed.
11:36:33 INFO  : Connected to target on host '127.0.0.1' and port '3121'.
11:36:33 INFO  : Jtag cable 'Digilent Basys3 210183B31B4FA' is selected.
11:36:33 INFO  : 'jtag frequency' command is executed.
11:36:33 INFO  : 'configparams mdm-detect-bscan-mask 2' command is executed.
11:36:34 INFO  : Context for processor 'microblaze_0' is selected.
11:36:34 INFO  : Processor reset is completed for 'microblaze_0'.
11:36:34 INFO  : Context for processor 'microblaze_0' is selected.
11:36:34 INFO  : The application 'C:/Users/Student/Desktop/152BFall25/CSM152B/Lab_3_3/Lab_3_3.sdk/ipi-gsg/Debug/ipi-gsg.elf' is downloaded to processor 'microblaze_0'.
11:36:34 INFO  : ----------------XSDB Script----------------
connect -url tcp:127.0.0.1:3121
configparams mdm-detect-bscan-mask 2
targets -set -nocase -filter {name =~ "microblaze*#0" && bscan=="USER2"  && jtag_cable_name =~ "Digilent Basys3 210183B31B4FA"} -index 0
rst -processor
targets -set -nocase -filter {name =~ "microblaze*#0" && bscan=="USER2"  && jtag_cable_name =~ "Digilent Basys3 210183B31B4FA"} -index 0
dow C:/Users/Student/Desktop/152BFall25/CSM152B/Lab_3_3/Lab_3_3.sdk/ipi-gsg/Debug/ipi-gsg.elf
----------------End of Script----------------

11:36:34 INFO  : Memory regions updated for context PA
11:36:34 INFO  : Memory regions updated for context PA
11:36:34 INFO  : Context for processor 'microblaze_0' is selected.
11:36:34 INFO  : 'con' command is executed.
11:36:34 INFO  : ----------------XSDB Script (After Launch)----------------
targets -set -nocase -filter {name =~ "microblaze*#0" && bscan=="USER2"  && jtag_cable_name =~ "Digilent Basys3 210183B31B4FA"} -index 0
con
----------------End of Script----------------

11:36:34 INFO  : Launch script is exported to file 'C:\Users\Student\Desktop\152BFall25\CSM152B\Lab_3_3\Lab_3_3.sdk\.sdk\launch_scripts\xilinx_c-c++_application_(system_debugger)\system_debugger_using_debug_ipi-gsg.elf_on_local.tcl'
11:36:58 INFO  : Disconnected from the channel tcfchan#42.
11:36:59 INFO  : 'targets -set -filter {jtag_cable_name =~ "Digilent Basys3 210183B31B4FA" && level==0} -index 0' command is executed.
11:36:59 INFO  : 'fpga -state' command is executed.
11:36:59 INFO  : Connected to target on host '127.0.0.1' and port '3121'.
11:37:00 INFO  : Jtag cable 'Digilent Basys3 210183B31B4FA' is selected.
11:37:00 INFO  : 'jtag frequency' command is executed.
11:37:00 INFO  : 'configparams mdm-detect-bscan-mask 2' command is executed.
11:37:00 INFO  : Context for processor 'microblaze_0' is selected.
11:37:00 INFO  : Processor reset is completed for 'microblaze_0'.
11:37:00 INFO  : Context for processor 'microblaze_0' is selected.
11:37:00 INFO  : The application 'C:/Users/Student/Desktop/152BFall25/CSM152B/Lab_3_3/Lab_3_3.sdk/ipi-gsg/Debug/ipi-gsg.elf' is downloaded to processor 'microblaze_0'.
11:37:00 INFO  : ----------------XSDB Script----------------
connect -url tcp:127.0.0.1:3121
configparams mdm-detect-bscan-mask 2
targets -set -nocase -filter {name =~ "microblaze*#0" && bscan=="USER2"  && jtag_cable_name =~ "Digilent Basys3 210183B31B4FA"} -index 0
rst -processor
targets -set -nocase -filter {name =~ "microblaze*#0" && bscan=="USER2"  && jtag_cable_name =~ "Digilent Basys3 210183B31B4FA"} -index 0
dow C:/Users/Student/Desktop/152BFall25/CSM152B/Lab_3_3/Lab_3_3.sdk/ipi-gsg/Debug/ipi-gsg.elf
----------------End of Script----------------

11:37:00 INFO  : Memory regions updated for context PA
11:37:00 INFO  : Memory regions updated for context PA
11:37:00 INFO  : Context for processor 'microblaze_0' is selected.
11:37:00 INFO  : 'con' command is executed.
11:37:00 INFO  : ----------------XSDB Script (After Launch)----------------
targets -set -nocase -filter {name =~ "microblaze*#0" && bscan=="USER2"  && jtag_cable_name =~ "Digilent Basys3 210183B31B4FA"} -index 0
con
----------------End of Script----------------

11:37:00 INFO  : Launch script is exported to file 'C:\Users\Student\Desktop\152BFall25\CSM152B\Lab_3_3\Lab_3_3.sdk\.sdk\launch_scripts\xilinx_c-c++_application_(system_debugger)\system_debugger_using_debug_ipi-gsg.elf_on_local.tcl'
11:37:17 INFO  : Disconnected from the channel tcfchan#43.
11:37:19 INFO  : 'targets -set -filter {jtag_cable_name =~ "Digilent Basys3 210183B31B4FA" && level==0} -index 0' command is executed.
11:37:19 INFO  : 'fpga -state' command is executed.
11:37:19 INFO  : Connected to target on host '127.0.0.1' and port '3121'.
11:37:19 INFO  : Jtag cable 'Digilent Basys3 210183B31B4FA' is selected.
11:37:19 INFO  : 'jtag frequency' command is executed.
11:37:19 INFO  : 'configparams mdm-detect-bscan-mask 2' command is executed.
11:37:19 INFO  : Context for processor 'microblaze_0' is selected.
11:37:19 INFO  : Processor reset is completed for 'microblaze_0'.
11:37:19 INFO  : Context for processor 'microblaze_0' is selected.
11:37:19 INFO  : The application 'C:/Users/Student/Desktop/152BFall25/CSM152B/Lab_3_3/Lab_3_3.sdk/ipi-gsg/Debug/ipi-gsg.elf' is downloaded to processor 'microblaze_0'.
11:37:19 INFO  : ----------------XSDB Script----------------
connect -url tcp:127.0.0.1:3121
configparams mdm-detect-bscan-mask 2
targets -set -nocase -filter {name =~ "microblaze*#0" && bscan=="USER2"  && jtag_cable_name =~ "Digilent Basys3 210183B31B4FA"} -index 0
rst -processor
targets -set -nocase -filter {name =~ "microblaze*#0" && bscan=="USER2"  && jtag_cable_name =~ "Digilent Basys3 210183B31B4FA"} -index 0
dow C:/Users/Student/Desktop/152BFall25/CSM152B/Lab_3_3/Lab_3_3.sdk/ipi-gsg/Debug/ipi-gsg.elf
----------------End of Script----------------

11:37:19 INFO  : Memory regions updated for context PA
11:37:19 INFO  : Memory regions updated for context PA
11:37:19 INFO  : Context for processor 'microblaze_0' is selected.
11:37:19 INFO  : 'con' command is executed.
11:37:19 INFO  : ----------------XSDB Script (After Launch)----------------
targets -set -nocase -filter {name =~ "microblaze*#0" && bscan=="USER2"  && jtag_cable_name =~ "Digilent Basys3 210183B31B4FA"} -index 0
con
----------------End of Script----------------

11:37:19 INFO  : Launch script is exported to file 'C:\Users\Student\Desktop\152BFall25\CSM152B\Lab_3_3\Lab_3_3.sdk\.sdk\launch_scripts\xilinx_c-c++_application_(system_debugger)\system_debugger_using_debug_ipi-gsg.elf_on_local.tcl'
11:38:30 INFO  : Disconnected from the channel tcfchan#44.
11:38:31 INFO  : 'targets -set -filter {jtag_cable_name =~ "Digilent Basys3 210183B31B4FA" && level==0} -index 0' command is executed.
11:38:31 INFO  : 'fpga -state' command is executed.
11:38:31 INFO  : Connected to target on host '127.0.0.1' and port '3121'.
11:38:32 INFO  : Jtag cable 'Digilent Basys3 210183B31B4FA' is selected.
11:38:32 INFO  : 'jtag frequency' command is executed.
11:38:32 INFO  : 'configparams mdm-detect-bscan-mask 2' command is executed.
11:38:32 INFO  : Context for processor 'microblaze_0' is selected.
11:38:32 INFO  : Processor reset is completed for 'microblaze_0'.
11:38:32 INFO  : Context for processor 'microblaze_0' is selected.
11:38:32 INFO  : The application 'C:/Users/Student/Desktop/152BFall25/CSM152B/Lab_3_3/Lab_3_3.sdk/ipi-gsg/Debug/ipi-gsg.elf' is downloaded to processor 'microblaze_0'.
11:38:32 INFO  : ----------------XSDB Script----------------
connect -url tcp:127.0.0.1:3121
configparams mdm-detect-bscan-mask 2
targets -set -nocase -filter {name =~ "microblaze*#0" && bscan=="USER2"  && jtag_cable_name =~ "Digilent Basys3 210183B31B4FA"} -index 0
rst -processor
targets -set -nocase -filter {name =~ "microblaze*#0" && bscan=="USER2"  && jtag_cable_name =~ "Digilent Basys3 210183B31B4FA"} -index 0
dow C:/Users/Student/Desktop/152BFall25/CSM152B/Lab_3_3/Lab_3_3.sdk/ipi-gsg/Debug/ipi-gsg.elf
----------------End of Script----------------

11:38:32 INFO  : Memory regions updated for context PA
11:38:32 INFO  : Memory regions updated for context PA
11:38:32 INFO  : Context for processor 'microblaze_0' is selected.
11:38:32 INFO  : 'con' command is executed.
11:38:32 INFO  : ----------------XSDB Script (After Launch)----------------
targets -set -nocase -filter {name =~ "microblaze*#0" && bscan=="USER2"  && jtag_cable_name =~ "Digilent Basys3 210183B31B4FA"} -index 0
con
----------------End of Script----------------

11:38:32 INFO  : Launch script is exported to file 'C:\Users\Student\Desktop\152BFall25\CSM152B\Lab_3_3\Lab_3_3.sdk\.sdk\launch_scripts\xilinx_c-c++_application_(system_debugger)\system_debugger_using_debug_ipi-gsg.elf_on_local.tcl'
11:38:45 INFO  : Disconnected from the channel tcfchan#45.
11:38:46 INFO  : 'targets -set -filter {jtag_cable_name =~ "Digilent Basys3 210183B31B4FA" && level==0} -index 0' command is executed.
11:38:46 INFO  : 'fpga -state' command is executed.
11:38:46 INFO  : Connected to target on host '127.0.0.1' and port '3121'.
11:38:47 INFO  : Jtag cable 'Digilent Basys3 210183B31B4FA' is selected.
11:38:47 INFO  : 'jtag frequency' command is executed.
11:38:47 INFO  : 'configparams mdm-detect-bscan-mask 2' command is executed.
11:38:47 INFO  : Context for processor 'microblaze_0' is selected.
11:38:47 INFO  : Processor reset is completed for 'microblaze_0'.
11:38:47 INFO  : Context for processor 'microblaze_0' is selected.
11:38:47 INFO  : The application 'C:/Users/Student/Desktop/152BFall25/CSM152B/Lab_3_3/Lab_3_3.sdk/ipi-gsg/Debug/ipi-gsg.elf' is downloaded to processor 'microblaze_0'.
11:38:47 INFO  : ----------------XSDB Script----------------
connect -url tcp:127.0.0.1:3121
configparams mdm-detect-bscan-mask 2
targets -set -nocase -filter {name =~ "microblaze*#0" && bscan=="USER2"  && jtag_cable_name =~ "Digilent Basys3 210183B31B4FA"} -index 0
rst -processor
targets -set -nocase -filter {name =~ "microblaze*#0" && bscan=="USER2"  && jtag_cable_name =~ "Digilent Basys3 210183B31B4FA"} -index 0
dow C:/Users/Student/Desktop/152BFall25/CSM152B/Lab_3_3/Lab_3_3.sdk/ipi-gsg/Debug/ipi-gsg.elf
----------------End of Script----------------

11:38:47 INFO  : Memory regions updated for context PA
11:38:47 INFO  : Memory regions updated for context PA
11:38:47 INFO  : Context for processor 'microblaze_0' is selected.
11:38:47 INFO  : 'con' command is executed.
11:38:47 INFO  : ----------------XSDB Script (After Launch)----------------
targets -set -nocase -filter {name =~ "microblaze*#0" && bscan=="USER2"  && jtag_cable_name =~ "Digilent Basys3 210183B31B4FA"} -index 0
con
----------------End of Script----------------

11:38:47 INFO  : Launch script is exported to file 'C:\Users\Student\Desktop\152BFall25\CSM152B\Lab_3_3\Lab_3_3.sdk\.sdk\launch_scripts\xilinx_c-c++_application_(system_debugger)\system_debugger_using_debug_ipi-gsg.elf_on_local.tcl'
11:39:28 INFO  : Disconnected from the channel tcfchan#46.
11:39:29 INFO  : 'targets -set -filter {jtag_cable_name =~ "Digilent Basys3 210183B31B4FA" && level==0} -index 0' command is executed.
11:39:29 INFO  : 'fpga -state' command is executed.
11:39:29 INFO  : Connected to target on host '127.0.0.1' and port '3121'.
11:39:30 INFO  : Jtag cable 'Digilent Basys3 210183B31B4FA' is selected.
11:39:30 INFO  : 'jtag frequency' command is executed.
11:39:30 INFO  : 'configparams mdm-detect-bscan-mask 2' command is executed.
11:39:30 INFO  : Context for processor 'microblaze_0' is selected.
11:39:30 INFO  : Processor reset is completed for 'microblaze_0'.
11:39:30 INFO  : Context for processor 'microblaze_0' is selected.
11:39:30 INFO  : The application 'C:/Users/Student/Desktop/152BFall25/CSM152B/Lab_3_3/Lab_3_3.sdk/ipi-gsg/Debug/ipi-gsg.elf' is downloaded to processor 'microblaze_0'.
11:39:30 INFO  : ----------------XSDB Script----------------
connect -url tcp:127.0.0.1:3121
configparams mdm-detect-bscan-mask 2
targets -set -nocase -filter {name =~ "microblaze*#0" && bscan=="USER2"  && jtag_cable_name =~ "Digilent Basys3 210183B31B4FA"} -index 0
rst -processor
targets -set -nocase -filter {name =~ "microblaze*#0" && bscan=="USER2"  && jtag_cable_name =~ "Digilent Basys3 210183B31B4FA"} -index 0
dow C:/Users/Student/Desktop/152BFall25/CSM152B/Lab_3_3/Lab_3_3.sdk/ipi-gsg/Debug/ipi-gsg.elf
----------------End of Script----------------

11:39:30 INFO  : Memory regions updated for context PA
11:39:30 INFO  : Memory regions updated for context PA
11:39:30 INFO  : Context for processor 'microblaze_0' is selected.
11:39:30 INFO  : 'con' command is executed.
11:39:30 INFO  : ----------------XSDB Script (After Launch)----------------
targets -set -nocase -filter {name =~ "microblaze*#0" && bscan=="USER2"  && jtag_cable_name =~ "Digilent Basys3 210183B31B4FA"} -index 0
con
----------------End of Script----------------

11:39:30 INFO  : Launch script is exported to file 'C:\Users\Student\Desktop\152BFall25\CSM152B\Lab_3_3\Lab_3_3.sdk\.sdk\launch_scripts\xilinx_c-c++_application_(system_debugger)\system_debugger_using_debug_ipi-gsg.elf_on_local.tcl'
11:39:35 INFO  : Disconnected from the channel tcfchan#47.
11:39:36 INFO  : 'targets -set -filter {jtag_cable_name =~ "Digilent Basys3 210183B31B4FA" && level==0} -index 0' command is executed.
11:39:36 INFO  : 'fpga -state' command is executed.
11:39:36 INFO  : Connected to target on host '127.0.0.1' and port '3121'.
11:39:36 INFO  : Jtag cable 'Digilent Basys3 210183B31B4FA' is selected.
11:39:36 INFO  : 'jtag frequency' command is executed.
11:39:36 INFO  : 'configparams mdm-detect-bscan-mask 2' command is executed.
11:39:36 INFO  : Context for processor 'microblaze_0' is selected.
11:39:36 INFO  : Processor reset is completed for 'microblaze_0'.
11:39:36 INFO  : Context for processor 'microblaze_0' is selected.
11:39:36 INFO  : The application 'C:/Users/Student/Desktop/152BFall25/CSM152B/Lab_3_3/Lab_3_3.sdk/ipi-gsg/Debug/ipi-gsg.elf' is downloaded to processor 'microblaze_0'.
11:39:36 INFO  : ----------------XSDB Script----------------
connect -url tcp:127.0.0.1:3121
configparams mdm-detect-bscan-mask 2
targets -set -nocase -filter {name =~ "microblaze*#0" && bscan=="USER2"  && jtag_cable_name =~ "Digilent Basys3 210183B31B4FA"} -index 0
rst -processor
targets -set -nocase -filter {name =~ "microblaze*#0" && bscan=="USER2"  && jtag_cable_name =~ "Digilent Basys3 210183B31B4FA"} -index 0
dow C:/Users/Student/Desktop/152BFall25/CSM152B/Lab_3_3/Lab_3_3.sdk/ipi-gsg/Debug/ipi-gsg.elf
----------------End of Script----------------

11:39:36 INFO  : Memory regions updated for context PA
11:39:36 INFO  : Memory regions updated for context PA
11:39:36 INFO  : Context for processor 'microblaze_0' is selected.
11:39:36 INFO  : 'con' command is executed.
11:39:36 INFO  : ----------------XSDB Script (After Launch)----------------
targets -set -nocase -filter {name =~ "microblaze*#0" && bscan=="USER2"  && jtag_cable_name =~ "Digilent Basys3 210183B31B4FA"} -index 0
con
----------------End of Script----------------

11:39:36 INFO  : Launch script is exported to file 'C:\Users\Student\Desktop\152BFall25\CSM152B\Lab_3_3\Lab_3_3.sdk\.sdk\launch_scripts\xilinx_c-c++_application_(system_debugger)\system_debugger_using_debug_ipi-gsg.elf_on_local.tcl'
11:39:41 INFO  : Disconnected from the channel tcfchan#48.
11:39:42 INFO  : 'targets -set -filter {jtag_cable_name =~ "Digilent Basys3 210183B31B4FA" && level==0} -index 0' command is executed.
11:39:42 INFO  : 'fpga -state' command is executed.
11:39:42 INFO  : Connected to target on host '127.0.0.1' and port '3121'.
11:39:42 INFO  : Jtag cable 'Digilent Basys3 210183B31B4FA' is selected.
11:39:42 INFO  : 'jtag frequency' command is executed.
11:39:42 INFO  : 'configparams mdm-detect-bscan-mask 2' command is executed.
11:39:42 INFO  : Context for processor 'microblaze_0' is selected.
11:39:42 INFO  : Processor reset is completed for 'microblaze_0'.
11:39:43 INFO  : Context for processor 'microblaze_0' is selected.
11:39:43 INFO  : The application 'C:/Users/Student/Desktop/152BFall25/CSM152B/Lab_3_3/Lab_3_3.sdk/ipi-gsg/Debug/ipi-gsg.elf' is downloaded to processor 'microblaze_0'.
11:39:43 INFO  : ----------------XSDB Script----------------
connect -url tcp:127.0.0.1:3121
configparams mdm-detect-bscan-mask 2
targets -set -nocase -filter {name =~ "microblaze*#0" && bscan=="USER2"  && jtag_cable_name =~ "Digilent Basys3 210183B31B4FA"} -index 0
rst -processor
targets -set -nocase -filter {name =~ "microblaze*#0" && bscan=="USER2"  && jtag_cable_name =~ "Digilent Basys3 210183B31B4FA"} -index 0
dow C:/Users/Student/Desktop/152BFall25/CSM152B/Lab_3_3/Lab_3_3.sdk/ipi-gsg/Debug/ipi-gsg.elf
----------------End of Script----------------

11:39:43 INFO  : Memory regions updated for context PA
11:39:43 INFO  : Memory regions updated for context PA
11:39:43 INFO  : Context for processor 'microblaze_0' is selected.
11:39:43 INFO  : 'con' command is executed.
11:39:43 INFO  : ----------------XSDB Script (After Launch)----------------
targets -set -nocase -filter {name =~ "microblaze*#0" && bscan=="USER2"  && jtag_cable_name =~ "Digilent Basys3 210183B31B4FA"} -index 0
con
----------------End of Script----------------

11:39:43 INFO  : Launch script is exported to file 'C:\Users\Student\Desktop\152BFall25\CSM152B\Lab_3_3\Lab_3_3.sdk\.sdk\launch_scripts\xilinx_c-c++_application_(system_debugger)\system_debugger_using_debug_ipi-gsg.elf_on_local.tcl'
11:39:47 INFO  : Disconnected from the channel tcfchan#49.
11:39:49 INFO  : 'targets -set -filter {jtag_cable_name =~ "Digilent Basys3 210183B31B4FA" && level==0} -index 0' command is executed.
11:39:49 INFO  : 'fpga -state' command is executed.
11:39:49 INFO  : Connected to target on host '127.0.0.1' and port '3121'.
11:39:49 INFO  : Jtag cable 'Digilent Basys3 210183B31B4FA' is selected.
11:39:49 INFO  : 'jtag frequency' command is executed.
11:39:49 INFO  : 'configparams mdm-detect-bscan-mask 2' command is executed.
11:39:49 INFO  : Context for processor 'microblaze_0' is selected.
11:39:49 INFO  : Processor reset is completed for 'microblaze_0'.
11:39:49 INFO  : Context for processor 'microblaze_0' is selected.
11:39:49 INFO  : The application 'C:/Users/Student/Desktop/152BFall25/CSM152B/Lab_3_3/Lab_3_3.sdk/ipi-gsg/Debug/ipi-gsg.elf' is downloaded to processor 'microblaze_0'.
11:39:49 INFO  : ----------------XSDB Script----------------
connect -url tcp:127.0.0.1:3121
configparams mdm-detect-bscan-mask 2
targets -set -nocase -filter {name =~ "microblaze*#0" && bscan=="USER2"  && jtag_cable_name =~ "Digilent Basys3 210183B31B4FA"} -index 0
rst -processor
targets -set -nocase -filter {name =~ "microblaze*#0" && bscan=="USER2"  && jtag_cable_name =~ "Digilent Basys3 210183B31B4FA"} -index 0
dow C:/Users/Student/Desktop/152BFall25/CSM152B/Lab_3_3/Lab_3_3.sdk/ipi-gsg/Debug/ipi-gsg.elf
----------------End of Script----------------

11:39:49 INFO  : Memory regions updated for context PA
11:39:49 INFO  : Memory regions updated for context PA
11:39:49 INFO  : Context for processor 'microblaze_0' is selected.
11:39:49 INFO  : 'con' command is executed.
11:39:49 INFO  : ----------------XSDB Script (After Launch)----------------
targets -set -nocase -filter {name =~ "microblaze*#0" && bscan=="USER2"  && jtag_cable_name =~ "Digilent Basys3 210183B31B4FA"} -index 0
con
----------------End of Script----------------

11:39:49 INFO  : Launch script is exported to file 'C:\Users\Student\Desktop\152BFall25\CSM152B\Lab_3_3\Lab_3_3.sdk\.sdk\launch_scripts\xilinx_c-c++_application_(system_debugger)\system_debugger_using_debug_ipi-gsg.elf_on_local.tcl'
11:40:30 INFO  : Disconnected from the channel tcfchan#50.
11:40:32 INFO  : 'targets -set -filter {jtag_cable_name =~ "Digilent Basys3 210183B31B4FA" && level==0} -index 0' command is executed.
11:40:32 INFO  : 'fpga -state' command is executed.
11:40:32 INFO  : Connected to target on host '127.0.0.1' and port '3121'.
11:40:32 INFO  : Jtag cable 'Digilent Basys3 210183B31B4FA' is selected.
11:40:32 INFO  : 'jtag frequency' command is executed.
11:40:32 INFO  : 'configparams mdm-detect-bscan-mask 2' command is executed.
11:40:32 INFO  : Context for processor 'microblaze_0' is selected.
11:40:32 INFO  : Processor reset is completed for 'microblaze_0'.
11:40:32 INFO  : Context for processor 'microblaze_0' is selected.
11:40:32 INFO  : The application 'C:/Users/Student/Desktop/152BFall25/CSM152B/Lab_3_3/Lab_3_3.sdk/ipi-gsg/Debug/ipi-gsg.elf' is downloaded to processor 'microblaze_0'.
11:40:32 INFO  : ----------------XSDB Script----------------
connect -url tcp:127.0.0.1:3121
configparams mdm-detect-bscan-mask 2
targets -set -nocase -filter {name =~ "microblaze*#0" && bscan=="USER2"  && jtag_cable_name =~ "Digilent Basys3 210183B31B4FA"} -index 0
rst -processor
targets -set -nocase -filter {name =~ "microblaze*#0" && bscan=="USER2"  && jtag_cable_name =~ "Digilent Basys3 210183B31B4FA"} -index 0
dow C:/Users/Student/Desktop/152BFall25/CSM152B/Lab_3_3/Lab_3_3.sdk/ipi-gsg/Debug/ipi-gsg.elf
----------------End of Script----------------

11:40:32 INFO  : Memory regions updated for context PA
11:40:32 INFO  : Memory regions updated for context PA
11:40:32 INFO  : Context for processor 'microblaze_0' is selected.
11:40:32 INFO  : 'con' command is executed.
11:40:32 INFO  : ----------------XSDB Script (After Launch)----------------
targets -set -nocase -filter {name =~ "microblaze*#0" && bscan=="USER2"  && jtag_cable_name =~ "Digilent Basys3 210183B31B4FA"} -index 0
con
----------------End of Script----------------

11:40:32 INFO  : Launch script is exported to file 'C:\Users\Student\Desktop\152BFall25\CSM152B\Lab_3_3\Lab_3_3.sdk\.sdk\launch_scripts\xilinx_c-c++_application_(system_debugger)\system_debugger_using_debug_ipi-gsg.elf_on_local.tcl'
11:41:02 INFO  : Disconnected from the channel tcfchan#51.
11:41:04 INFO  : 'targets -set -filter {jtag_cable_name =~ "Digilent Basys3 210183B31B4FA" && level==0} -index 0' command is executed.
11:41:04 INFO  : 'fpga -state' command is executed.
11:41:04 INFO  : Connected to target on host '127.0.0.1' and port '3121'.
11:41:04 INFO  : Jtag cable 'Digilent Basys3 210183B31B4FA' is selected.
11:41:04 INFO  : 'jtag frequency' command is executed.
11:41:04 INFO  : 'configparams mdm-detect-bscan-mask 2' command is executed.
11:41:04 INFO  : Context for processor 'microblaze_0' is selected.
11:41:04 INFO  : Processor reset is completed for 'microblaze_0'.
11:41:04 INFO  : Context for processor 'microblaze_0' is selected.
11:41:04 INFO  : The application 'C:/Users/Student/Desktop/152BFall25/CSM152B/Lab_3_3/Lab_3_3.sdk/ipi-gsg/Debug/ipi-gsg.elf' is downloaded to processor 'microblaze_0'.
11:41:04 INFO  : ----------------XSDB Script----------------
connect -url tcp:127.0.0.1:3121
configparams mdm-detect-bscan-mask 2
targets -set -nocase -filter {name =~ "microblaze*#0" && bscan=="USER2"  && jtag_cable_name =~ "Digilent Basys3 210183B31B4FA"} -index 0
rst -processor
targets -set -nocase -filter {name =~ "microblaze*#0" && bscan=="USER2"  && jtag_cable_name =~ "Digilent Basys3 210183B31B4FA"} -index 0
dow C:/Users/Student/Desktop/152BFall25/CSM152B/Lab_3_3/Lab_3_3.sdk/ipi-gsg/Debug/ipi-gsg.elf
----------------End of Script----------------

11:41:04 INFO  : Memory regions updated for context PA
11:41:04 INFO  : Memory regions updated for context PA
11:41:04 INFO  : Context for processor 'microblaze_0' is selected.
11:41:04 INFO  : 'con' command is executed.
11:41:04 INFO  : ----------------XSDB Script (After Launch)----------------
targets -set -nocase -filter {name =~ "microblaze*#0" && bscan=="USER2"  && jtag_cable_name =~ "Digilent Basys3 210183B31B4FA"} -index 0
con
----------------End of Script----------------

11:41:04 INFO  : Launch script is exported to file 'C:\Users\Student\Desktop\152BFall25\CSM152B\Lab_3_3\Lab_3_3.sdk\.sdk\launch_scripts\xilinx_c-c++_application_(system_debugger)\system_debugger_using_debug_ipi-gsg.elf_on_local.tcl'
11:41:44 INFO  : Disconnected from the channel tcfchan#52.
11:41:45 INFO  : 'targets -set -filter {jtag_cable_name =~ "Digilent Basys3 210183B31B4FA" && level==0} -index 0' command is executed.
11:41:45 INFO  : 'fpga -state' command is executed.
11:41:45 INFO  : Connected to target on host '127.0.0.1' and port '3121'.
11:41:45 INFO  : Jtag cable 'Digilent Basys3 210183B31B4FA' is selected.
11:41:45 INFO  : 'jtag frequency' command is executed.
11:41:45 INFO  : 'configparams mdm-detect-bscan-mask 2' command is executed.
11:41:45 INFO  : Context for processor 'microblaze_0' is selected.
11:41:45 INFO  : Processor reset is completed for 'microblaze_0'.
11:41:45 INFO  : Context for processor 'microblaze_0' is selected.
11:41:45 INFO  : The application 'C:/Users/Student/Desktop/152BFall25/CSM152B/Lab_3_3/Lab_3_3.sdk/ipi-gsg/Debug/ipi-gsg.elf' is downloaded to processor 'microblaze_0'.
11:41:45 INFO  : ----------------XSDB Script----------------
connect -url tcp:127.0.0.1:3121
configparams mdm-detect-bscan-mask 2
targets -set -nocase -filter {name =~ "microblaze*#0" && bscan=="USER2"  && jtag_cable_name =~ "Digilent Basys3 210183B31B4FA"} -index 0
rst -processor
targets -set -nocase -filter {name =~ "microblaze*#0" && bscan=="USER2"  && jtag_cable_name =~ "Digilent Basys3 210183B31B4FA"} -index 0
dow C:/Users/Student/Desktop/152BFall25/CSM152B/Lab_3_3/Lab_3_3.sdk/ipi-gsg/Debug/ipi-gsg.elf
----------------End of Script----------------

11:41:46 INFO  : Memory regions updated for context PA
11:41:46 INFO  : Memory regions updated for context PA
11:41:46 INFO  : Context for processor 'microblaze_0' is selected.
11:41:46 INFO  : 'con' command is executed.
11:41:46 INFO  : ----------------XSDB Script (After Launch)----------------
targets -set -nocase -filter {name =~ "microblaze*#0" && bscan=="USER2"  && jtag_cable_name =~ "Digilent Basys3 210183B31B4FA"} -index 0
con
----------------End of Script----------------

11:41:46 INFO  : Launch script is exported to file 'C:\Users\Student\Desktop\152BFall25\CSM152B\Lab_3_3\Lab_3_3.sdk\.sdk\launch_scripts\xilinx_c-c++_application_(system_debugger)\system_debugger_using_debug_ipi-gsg.elf_on_local.tcl'
11:43:43 INFO  : Disconnected from the channel tcfchan#53.
11:43:44 INFO  : 'targets -set -filter {jtag_cable_name =~ "Digilent Basys3 210183B31B4FA" && level==0} -index 0' command is executed.
11:43:44 INFO  : 'fpga -state' command is executed.
11:43:44 INFO  : Connected to target on host '127.0.0.1' and port '3121'.
11:43:44 INFO  : Jtag cable 'Digilent Basys3 210183B31B4FA' is selected.
11:43:44 INFO  : 'jtag frequency' command is executed.
11:43:44 INFO  : 'configparams mdm-detect-bscan-mask 2' command is executed.
11:43:44 INFO  : Context for processor 'microblaze_0' is selected.
11:43:44 INFO  : Processor reset is completed for 'microblaze_0'.
11:43:44 INFO  : Context for processor 'microblaze_0' is selected.
11:43:45 INFO  : The application 'C:/Users/Student/Desktop/152BFall25/CSM152B/Lab_3_3/Lab_3_3.sdk/ipi-gsg/Debug/ipi-gsg.elf' is downloaded to processor 'microblaze_0'.
11:43:45 INFO  : ----------------XSDB Script----------------
connect -url tcp:127.0.0.1:3121
configparams mdm-detect-bscan-mask 2
targets -set -nocase -filter {name =~ "microblaze*#0" && bscan=="USER2"  && jtag_cable_name =~ "Digilent Basys3 210183B31B4FA"} -index 0
rst -processor
targets -set -nocase -filter {name =~ "microblaze*#0" && bscan=="USER2"  && jtag_cable_name =~ "Digilent Basys3 210183B31B4FA"} -index 0
dow C:/Users/Student/Desktop/152BFall25/CSM152B/Lab_3_3/Lab_3_3.sdk/ipi-gsg/Debug/ipi-gsg.elf
----------------End of Script----------------

11:43:45 INFO  : Memory regions updated for context PA
11:43:45 INFO  : Memory regions updated for context PA
11:43:45 INFO  : Context for processor 'microblaze_0' is selected.
11:43:45 INFO  : 'con' command is executed.
11:43:45 INFO  : ----------------XSDB Script (After Launch)----------------
targets -set -nocase -filter {name =~ "microblaze*#0" && bscan=="USER2"  && jtag_cable_name =~ "Digilent Basys3 210183B31B4FA"} -index 0
con
----------------End of Script----------------

11:43:45 INFO  : Launch script is exported to file 'C:\Users\Student\Desktop\152BFall25\CSM152B\Lab_3_3\Lab_3_3.sdk\.sdk\launch_scripts\xilinx_c-c++_application_(system_debugger)\system_debugger_using_debug_ipi-gsg.elf_on_local.tcl'
11:44:10 INFO  : Disconnected from the channel tcfchan#54.
11:44:11 INFO  : 'targets -set -filter {jtag_cable_name =~ "Digilent Basys3 210183B31B4FA" && level==0} -index 0' command is executed.
11:44:12 INFO  : 'fpga -state' command is executed.
11:44:12 INFO  : Connected to target on host '127.0.0.1' and port '3121'.
11:44:12 INFO  : Jtag cable 'Digilent Basys3 210183B31B4FA' is selected.
11:44:12 INFO  : 'jtag frequency' command is executed.
11:44:12 INFO  : 'configparams mdm-detect-bscan-mask 2' command is executed.
11:44:12 INFO  : Context for processor 'microblaze_0' is selected.
11:44:12 INFO  : Processor reset is completed for 'microblaze_0'.
11:44:12 INFO  : Context for processor 'microblaze_0' is selected.
11:44:12 INFO  : The application 'C:/Users/Student/Desktop/152BFall25/CSM152B/Lab_3_3/Lab_3_3.sdk/ipi-gsg/Debug/ipi-gsg.elf' is downloaded to processor 'microblaze_0'.
11:44:12 INFO  : ----------------XSDB Script----------------
connect -url tcp:127.0.0.1:3121
configparams mdm-detect-bscan-mask 2
targets -set -nocase -filter {name =~ "microblaze*#0" && bscan=="USER2"  && jtag_cable_name =~ "Digilent Basys3 210183B31B4FA"} -index 0
rst -processor
targets -set -nocase -filter {name =~ "microblaze*#0" && bscan=="USER2"  && jtag_cable_name =~ "Digilent Basys3 210183B31B4FA"} -index 0
dow C:/Users/Student/Desktop/152BFall25/CSM152B/Lab_3_3/Lab_3_3.sdk/ipi-gsg/Debug/ipi-gsg.elf
----------------End of Script----------------

11:44:12 INFO  : Memory regions updated for context PA
11:44:12 INFO  : Memory regions updated for context PA
11:44:12 INFO  : Context for processor 'microblaze_0' is selected.
11:44:12 INFO  : 'con' command is executed.
11:44:12 INFO  : ----------------XSDB Script (After Launch)----------------
targets -set -nocase -filter {name =~ "microblaze*#0" && bscan=="USER2"  && jtag_cable_name =~ "Digilent Basys3 210183B31B4FA"} -index 0
con
----------------End of Script----------------

11:44:12 INFO  : Launch script is exported to file 'C:\Users\Student\Desktop\152BFall25\CSM152B\Lab_3_3\Lab_3_3.sdk\.sdk\launch_scripts\xilinx_c-c++_application_(system_debugger)\system_debugger_using_debug_ipi-gsg.elf_on_local.tcl'
11:46:10 INFO  : Disconnected from the channel tcfchan#55.
11:46:11 INFO  : 'targets -set -filter {jtag_cable_name =~ "Digilent Basys3 210183B31B4FA" && level==0} -index 0' command is executed.
11:46:11 INFO  : 'fpga -state' command is executed.
11:46:11 INFO  : Connected to target on host '127.0.0.1' and port '3121'.
11:46:11 INFO  : Jtag cable 'Digilent Basys3 210183B31B4FA' is selected.
11:46:11 INFO  : 'jtag frequency' command is executed.
11:46:11 INFO  : 'configparams mdm-detect-bscan-mask 2' command is executed.
11:46:11 INFO  : Context for processor 'microblaze_0' is selected.
11:46:11 INFO  : Processor reset is completed for 'microblaze_0'.
11:46:11 INFO  : Context for processor 'microblaze_0' is selected.
11:46:12 INFO  : The application 'C:/Users/Student/Desktop/152BFall25/CSM152B/Lab_3_3/Lab_3_3.sdk/ipi-gsg/Debug/ipi-gsg.elf' is downloaded to processor 'microblaze_0'.
11:46:12 INFO  : ----------------XSDB Script----------------
connect -url tcp:127.0.0.1:3121
configparams mdm-detect-bscan-mask 2
targets -set -nocase -filter {name =~ "microblaze*#0" && bscan=="USER2"  && jtag_cable_name =~ "Digilent Basys3 210183B31B4FA"} -index 0
rst -processor
targets -set -nocase -filter {name =~ "microblaze*#0" && bscan=="USER2"  && jtag_cable_name =~ "Digilent Basys3 210183B31B4FA"} -index 0
dow C:/Users/Student/Desktop/152BFall25/CSM152B/Lab_3_3/Lab_3_3.sdk/ipi-gsg/Debug/ipi-gsg.elf
----------------End of Script----------------

11:46:12 INFO  : Memory regions updated for context PA
11:46:12 INFO  : Memory regions updated for context PA
11:46:12 INFO  : Context for processor 'microblaze_0' is selected.
11:46:12 INFO  : 'con' command is executed.
11:46:12 INFO  : ----------------XSDB Script (After Launch)----------------
targets -set -nocase -filter {name =~ "microblaze*#0" && bscan=="USER2"  && jtag_cable_name =~ "Digilent Basys3 210183B31B4FA"} -index 0
con
----------------End of Script----------------

11:46:12 INFO  : Launch script is exported to file 'C:\Users\Student\Desktop\152BFall25\CSM152B\Lab_3_3\Lab_3_3.sdk\.sdk\launch_scripts\xilinx_c-c++_application_(system_debugger)\system_debugger_using_debug_ipi-gsg.elf_on_local.tcl'
11:47:17 INFO  : Disconnected from the channel tcfchan#56.
11:47:18 INFO  : 'targets -set -filter {jtag_cable_name =~ "Digilent Basys3 210183B31B4FA" && level==0} -index 0' command is executed.
11:47:18 INFO  : 'fpga -state' command is executed.
11:47:18 INFO  : Connected to target on host '127.0.0.1' and port '3121'.
11:47:19 INFO  : Jtag cable 'Digilent Basys3 210183B31B4FA' is selected.
11:47:19 INFO  : 'jtag frequency' command is executed.
11:47:19 INFO  : 'configparams mdm-detect-bscan-mask 2' command is executed.
11:47:19 INFO  : Context for processor 'microblaze_0' is selected.
11:47:19 INFO  : Processor reset is completed for 'microblaze_0'.
11:47:19 INFO  : Context for processor 'microblaze_0' is selected.
11:47:19 INFO  : The application 'C:/Users/Student/Desktop/152BFall25/CSM152B/Lab_3_3/Lab_3_3.sdk/ipi-gsg/Debug/ipi-gsg.elf' is downloaded to processor 'microblaze_0'.
11:47:19 INFO  : ----------------XSDB Script----------------
connect -url tcp:127.0.0.1:3121
configparams mdm-detect-bscan-mask 2
targets -set -nocase -filter {name =~ "microblaze*#0" && bscan=="USER2"  && jtag_cable_name =~ "Digilent Basys3 210183B31B4FA"} -index 0
rst -processor
targets -set -nocase -filter {name =~ "microblaze*#0" && bscan=="USER2"  && jtag_cable_name =~ "Digilent Basys3 210183B31B4FA"} -index 0
dow C:/Users/Student/Desktop/152BFall25/CSM152B/Lab_3_3/Lab_3_3.sdk/ipi-gsg/Debug/ipi-gsg.elf
----------------End of Script----------------

11:47:19 INFO  : Memory regions updated for context PA
11:47:19 INFO  : Memory regions updated for context PA
11:47:19 INFO  : Context for processor 'microblaze_0' is selected.
11:47:19 INFO  : 'con' command is executed.
11:47:19 INFO  : ----------------XSDB Script (After Launch)----------------
targets -set -nocase -filter {name =~ "microblaze*#0" && bscan=="USER2"  && jtag_cable_name =~ "Digilent Basys3 210183B31B4FA"} -index 0
con
----------------End of Script----------------

11:47:19 INFO  : Launch script is exported to file 'C:\Users\Student\Desktop\152BFall25\CSM152B\Lab_3_3\Lab_3_3.sdk\.sdk\launch_scripts\xilinx_c-c++_application_(system_debugger)\system_debugger_using_debug_ipi-gsg.elf_on_local.tcl'
10:15:32 INFO  : Launching XSCT server: xsct.bat -interactive C:\Users\Student\Desktop\152BFall25\CSM152B\Lab_3_3\Lab_3_3.sdk\temp_xsdb_launch_script.tcl
10:18:34 ERROR : Timed out. 180 seconds have elapsed while waiting for XSCT server to launch.
10:18:34 WARN  : xsct server communication channel is not established.
10:27:56 INFO  : Launching XSCT server: xsct.bat -interactive C:\Users\Student\Desktop\152BFall25\CSM152B\Lab_3_3\Lab_3_3.sdk\temp_xsdb_launch_script.tcl
10:28:04 INFO  : XSCT server has started successfully.
10:28:21 INFO  : Connected to target on host '127.0.0.1' and port '3121'.
10:28:22 INFO  : 'targets -set -filter {jtag_cable_name =~ "Digilent Basys3 210183B31B4FA" && level==0} -index 0' command is executed.
10:28:22 INFO  : FPGA configured successfully with bitstream "C:/Users/Student/Desktop/152BFall25/CSM152B/Lab_3_3/Lab_3_3.sdk/design_1_wrapper_hw_platform_0/download.bit"
10:28:42 INFO  : 'targets -set -filter {jtag_cable_name =~ "Digilent Basys3 210183B31B4FA" && level==0} -index 0' command is executed.
10:28:42 INFO  : 'fpga -state' command is executed.
10:28:42 INFO  : Connected to target on host '127.0.0.1' and port '3121'.
10:28:43 INFO  : Jtag cable 'Digilent Basys3 210183B31B4FA' is selected.
10:28:43 INFO  : 'jtag frequency' command is executed.
10:28:43 INFO  : 'configparams mdm-detect-bscan-mask 2' command is executed.
10:28:43 INFO  : Context for processor 'microblaze_0' is selected.
10:28:43 INFO  : Processor reset is completed for 'microblaze_0'.
10:28:43 INFO  : Context for processor 'microblaze_0' is selected.
10:28:43 INFO  : The application 'C:/Users/Student/Desktop/152BFall25/CSM152B/Lab_3_3/Lab_3_3.sdk/ipi-gsg/Debug/ipi-gsg.elf' is downloaded to processor 'microblaze_0'.
10:28:43 INFO  : ----------------XSDB Script----------------
connect -url tcp:127.0.0.1:3121
configparams mdm-detect-bscan-mask 2
targets -set -nocase -filter {name =~ "microblaze*#0" && bscan=="USER2"  && jtag_cable_name =~ "Digilent Basys3 210183B31B4FA"} -index 0
rst -processor
targets -set -nocase -filter {name =~ "microblaze*#0" && bscan=="USER2"  && jtag_cable_name =~ "Digilent Basys3 210183B31B4FA"} -index 0
dow C:/Users/Student/Desktop/152BFall25/CSM152B/Lab_3_3/Lab_3_3.sdk/ipi-gsg/Debug/ipi-gsg.elf
----------------End of Script----------------

10:28:43 INFO  : Memory regions updated for context PA
10:28:43 INFO  : Memory regions updated for context PA
10:28:43 INFO  : Context for processor 'microblaze_0' is selected.
10:28:43 INFO  : 'con' command is executed.
10:28:43 INFO  : ----------------XSDB Script (After Launch)----------------
targets -set -nocase -filter {name =~ "microblaze*#0" && bscan=="USER2"  && jtag_cable_name =~ "Digilent Basys3 210183B31B4FA"} -index 0
con
----------------End of Script----------------

10:28:43 INFO  : Launch script is exported to file 'C:\Users\Student\Desktop\152BFall25\CSM152B\Lab_3_3\Lab_3_3.sdk\.sdk\launch_scripts\xilinx_c-c++_application_(system_debugger)\system_debugger_using_debug_ipi-gsg.elf_on_local.tcl'
10:28:53 INFO  : Disconnected from the channel tcfchan#1.
10:28:55 INFO  : 'targets -set -filter {jtag_cable_name =~ "Digilent Basys3 210183B31B4FA" && level==0} -index 0' command is executed.
10:28:55 INFO  : 'fpga -state' command is executed.
10:28:55 INFO  : Connected to target on host '127.0.0.1' and port '3121'.
10:28:55 INFO  : Jtag cable 'Digilent Basys3 210183B31B4FA' is selected.
10:28:55 INFO  : 'jtag frequency' command is executed.
10:28:55 INFO  : 'configparams mdm-detect-bscan-mask 2' command is executed.
10:28:55 INFO  : Context for processor 'microblaze_0' is selected.
10:28:55 INFO  : Processor reset is completed for 'microblaze_0'.
10:28:55 INFO  : Context for processor 'microblaze_0' is selected.
10:28:55 INFO  : The application 'C:/Users/Student/Desktop/152BFall25/CSM152B/Lab_3_3/Lab_3_3.sdk/ipi-gsg/Debug/ipi-gsg.elf' is downloaded to processor 'microblaze_0'.
10:28:55 INFO  : ----------------XSDB Script----------------
connect -url tcp:127.0.0.1:3121
configparams mdm-detect-bscan-mask 2
targets -set -nocase -filter {name =~ "microblaze*#0" && bscan=="USER2"  && jtag_cable_name =~ "Digilent Basys3 210183B31B4FA"} -index 0
rst -processor
targets -set -nocase -filter {name =~ "microblaze*#0" && bscan=="USER2"  && jtag_cable_name =~ "Digilent Basys3 210183B31B4FA"} -index 0
dow C:/Users/Student/Desktop/152BFall25/CSM152B/Lab_3_3/Lab_3_3.sdk/ipi-gsg/Debug/ipi-gsg.elf
----------------End of Script----------------

10:28:55 INFO  : Memory regions updated for context PA
10:28:55 INFO  : Memory regions updated for context PA
10:28:55 INFO  : Context for processor 'microblaze_0' is selected.
10:28:55 INFO  : 'con' command is executed.
10:28:55 INFO  : ----------------XSDB Script (After Launch)----------------
targets -set -nocase -filter {name =~ "microblaze*#0" && bscan=="USER2"  && jtag_cable_name =~ "Digilent Basys3 210183B31B4FA"} -index 0
con
----------------End of Script----------------

10:28:55 INFO  : Launch script is exported to file 'C:\Users\Student\Desktop\152BFall25\CSM152B\Lab_3_3\Lab_3_3.sdk\.sdk\launch_scripts\xilinx_c-c++_application_(system_debugger)\system_debugger_using_debug_ipi-gsg.elf_on_local.tcl'
10:29:36 INFO  : Disconnected from the channel tcfchan#2.
10:29:37 INFO  : 'targets -set -filter {jtag_cable_name =~ "Digilent Basys3 210183B31B4FA" && level==0} -index 0' command is executed.
10:29:37 INFO  : 'fpga -state' command is executed.
10:29:37 INFO  : Connected to target on host '127.0.0.1' and port '3121'.
10:29:37 INFO  : Jtag cable 'Digilent Basys3 210183B31B4FA' is selected.
10:29:37 INFO  : 'jtag frequency' command is executed.
10:29:37 INFO  : 'configparams mdm-detect-bscan-mask 2' command is executed.
10:29:37 INFO  : Context for processor 'microblaze_0' is selected.
10:29:37 INFO  : Processor reset is completed for 'microblaze_0'.
10:29:37 INFO  : Context for processor 'microblaze_0' is selected.
10:29:38 INFO  : The application 'C:/Users/Student/Desktop/152BFall25/CSM152B/Lab_3_3/Lab_3_3.sdk/ipi-gsg/Debug/ipi-gsg.elf' is downloaded to processor 'microblaze_0'.
10:29:38 INFO  : ----------------XSDB Script----------------
connect -url tcp:127.0.0.1:3121
configparams mdm-detect-bscan-mask 2
targets -set -nocase -filter {name =~ "microblaze*#0" && bscan=="USER2"  && jtag_cable_name =~ "Digilent Basys3 210183B31B4FA"} -index 0
rst -processor
targets -set -nocase -filter {name =~ "microblaze*#0" && bscan=="USER2"  && jtag_cable_name =~ "Digilent Basys3 210183B31B4FA"} -index 0
dow C:/Users/Student/Desktop/152BFall25/CSM152B/Lab_3_3/Lab_3_3.sdk/ipi-gsg/Debug/ipi-gsg.elf
----------------End of Script----------------

10:29:38 INFO  : Memory regions updated for context PA
10:29:38 INFO  : Memory regions updated for context PA
10:29:38 INFO  : Context for processor 'microblaze_0' is selected.
10:29:38 INFO  : 'con' command is executed.
10:29:38 INFO  : ----------------XSDB Script (After Launch)----------------
targets -set -nocase -filter {name =~ "microblaze*#0" && bscan=="USER2"  && jtag_cable_name =~ "Digilent Basys3 210183B31B4FA"} -index 0
con
----------------End of Script----------------

10:29:38 INFO  : Launch script is exported to file 'C:\Users\Student\Desktop\152BFall25\CSM152B\Lab_3_3\Lab_3_3.sdk\.sdk\launch_scripts\xilinx_c-c++_application_(system_debugger)\system_debugger_using_debug_ipi-gsg.elf_on_local.tcl'
11:00:41 INFO  : Registering command handlers for SDK TCF services
11:00:42 INFO  : Launching XSCT server: xsct.bat -interactive C:\Users\Student\Desktop\152BFall25\CSM152B\Lab_3_3\Lab_3_3.sdk\temp_xsdb_launch_script.tcl
11:00:44 INFO  : XSCT server has started successfully.
11:00:44 INFO  : Successfully done setting XSCT server connection channel  
11:00:45 INFO  : Processing command line option -hwspec C:/Users/Student/Desktop/152BFall25/CSM152B/Lab_3_3/Lab_3_3.sdk/design_1_wrapper.hdf.
11:00:45 INFO  : Successfully done setting SDK workspace  
11:00:45 INFO  : Checking for hwspec changes in the project design_1_wrapper_hw_platform_0.
11:01:02 INFO  : Connected to target on host '127.0.0.1' and port '3121'.
11:01:02 INFO  : 'targets -set -filter {jtag_cable_name =~ "Digilent Basys3 210183B31B4FA" && level==0} -index 0' command is executed.
11:01:02 INFO  : FPGA configured successfully with bitstream "C:/Users/Student/Desktop/152BFall25/CSM152B/Lab_3_3/Lab_3_3.sdk/design_1_wrapper_hw_platform_0/download.bit"
11:01:42 INFO  : 'targets -set -filter {jtag_cable_name =~ "Digilent Basys3 210183B31B4FA" && level==0} -index 0' command is executed.
11:01:42 INFO  : 'fpga -state' command is executed.
11:01:42 INFO  : Connected to target on host '127.0.0.1' and port '3121'.
11:01:43 INFO  : Jtag cable 'Digilent Basys3 210183B31B4FA' is selected.
11:01:43 INFO  : 'jtag frequency' command is executed.
11:01:43 INFO  : 'configparams mdm-detect-bscan-mask 2' command is executed.
11:01:43 INFO  : Context for processor 'microblaze_0' is selected.
11:01:43 INFO  : Processor reset is completed for 'microblaze_0'.
11:01:43 INFO  : Context for processor 'microblaze_0' is selected.
11:01:43 INFO  : The application 'C:/Users/Student/Desktop/152BFall25/CSM152B/Lab_3_3/Lab_3_3.sdk/ipi-gsg/Debug/ipi-gsg.elf' is downloaded to processor 'microblaze_0'.
11:01:43 INFO  : ----------------XSDB Script----------------
connect -url tcp:127.0.0.1:3121
configparams mdm-detect-bscan-mask 2
targets -set -nocase -filter {name =~ "microblaze*#0" && bscan=="USER2"  && jtag_cable_name =~ "Digilent Basys3 210183B31B4FA"} -index 0
rst -processor
targets -set -nocase -filter {name =~ "microblaze*#0" && bscan=="USER2"  && jtag_cable_name =~ "Digilent Basys3 210183B31B4FA"} -index 0
dow C:/Users/Student/Desktop/152BFall25/CSM152B/Lab_3_3/Lab_3_3.sdk/ipi-gsg/Debug/ipi-gsg.elf
----------------End of Script----------------

11:01:43 INFO  : Memory regions updated for context PA
11:01:43 INFO  : Memory regions updated for context PA
11:01:43 INFO  : Context for processor 'microblaze_0' is selected.
11:01:43 INFO  : 'con' command is executed.
11:01:43 INFO  : ----------------XSDB Script (After Launch)----------------
targets -set -nocase -filter {name =~ "microblaze*#0" && bscan=="USER2"  && jtag_cable_name =~ "Digilent Basys3 210183B31B4FA"} -index 0
con
----------------End of Script----------------

11:01:43 INFO  : Launch script is exported to file 'C:\Users\Student\Desktop\152BFall25\CSM152B\Lab_3_3\Lab_3_3.sdk\.sdk\launch_scripts\xilinx_c-c++_application_(system_debugger)\system_debugger_using_debug_ipi-gsg.elf_on_local.tcl'
11:02:57 INFO  : Disconnected from the channel tcfchan#1.
11:02:58 INFO  : 'targets -set -filter {jtag_cable_name =~ "Digilent Basys3 210183B31B4FA" && level==0} -index 0' command is executed.
11:02:58 INFO  : 'fpga -state' command is executed.
11:02:58 INFO  : Connected to target on host '127.0.0.1' and port '3121'.
11:02:58 INFO  : Jtag cable 'Digilent Basys3 210183B31B4FA' is selected.
11:02:58 INFO  : 'jtag frequency' command is executed.
11:02:58 INFO  : 'configparams mdm-detect-bscan-mask 2' command is executed.
11:02:58 INFO  : Context for processor 'microblaze_0' is selected.
11:02:58 INFO  : Processor reset is completed for 'microblaze_0'.
11:02:58 INFO  : Context for processor 'microblaze_0' is selected.
11:02:58 INFO  : The application 'C:/Users/Student/Desktop/152BFall25/CSM152B/Lab_3_3/Lab_3_3.sdk/ipi-gsg/Debug/ipi-gsg.elf' is downloaded to processor 'microblaze_0'.
11:02:58 INFO  : ----------------XSDB Script----------------
connect -url tcp:127.0.0.1:3121
configparams mdm-detect-bscan-mask 2
targets -set -nocase -filter {name =~ "microblaze*#0" && bscan=="USER2"  && jtag_cable_name =~ "Digilent Basys3 210183B31B4FA"} -index 0
rst -processor
targets -set -nocase -filter {name =~ "microblaze*#0" && bscan=="USER2"  && jtag_cable_name =~ "Digilent Basys3 210183B31B4FA"} -index 0
dow C:/Users/Student/Desktop/152BFall25/CSM152B/Lab_3_3/Lab_3_3.sdk/ipi-gsg/Debug/ipi-gsg.elf
----------------End of Script----------------

11:02:59 INFO  : Memory regions updated for context PA
11:02:59 INFO  : Memory regions updated for context PA
11:02:59 INFO  : Context for processor 'microblaze_0' is selected.
11:02:59 INFO  : 'con' command is executed.
11:02:59 INFO  : ----------------XSDB Script (After Launch)----------------
targets -set -nocase -filter {name =~ "microblaze*#0" && bscan=="USER2"  && jtag_cable_name =~ "Digilent Basys3 210183B31B4FA"} -index 0
con
----------------End of Script----------------

11:02:59 INFO  : Launch script is exported to file 'C:\Users\Student\Desktop\152BFall25\CSM152B\Lab_3_3\Lab_3_3.sdk\.sdk\launch_scripts\xilinx_c-c++_application_(system_debugger)\system_debugger_using_debug_ipi-gsg.elf_on_local.tcl'
11:03:24 INFO  : Connected to target on host '127.0.0.1' and port '3121'.
11:03:24 INFO  : 'targets -set -filter {jtag_cable_name =~ "Digilent Basys3 210183B31B4FA" && level==0} -index 0' command is executed.
11:03:25 INFO  : FPGA configured successfully with bitstream "C:/Users/Student/Desktop/152BFall25/CSM152B/Lab_3_3/Lab_3_3.sdk/design_1_wrapper_hw_platform_0/download.bit"
11:03:36 INFO  : Disconnected from the channel tcfchan#2.
11:03:37 INFO  : 'targets -set -filter {jtag_cable_name =~ "Digilent Basys3 210183B31B4FA" && level==0} -index 0' command is executed.
11:03:37 INFO  : 'fpga -state' command is executed.
11:03:37 INFO  : Connected to target on host '127.0.0.1' and port '3121'.
11:03:37 INFO  : Jtag cable 'Digilent Basys3 210183B31B4FA' is selected.
11:03:37 INFO  : 'jtag frequency' command is executed.
11:03:37 INFO  : 'configparams mdm-detect-bscan-mask 2' command is executed.
11:03:38 INFO  : Context for processor 'microblaze_0' is selected.
11:03:38 INFO  : Processor reset is completed for 'microblaze_0'.
11:03:38 INFO  : Context for processor 'microblaze_0' is selected.
11:03:38 INFO  : The application 'C:/Users/Student/Desktop/152BFall25/CSM152B/Lab_3_3/Lab_3_3.sdk/ipi-gsg/Debug/ipi-gsg.elf' is downloaded to processor 'microblaze_0'.
11:03:38 INFO  : ----------------XSDB Script----------------
connect -url tcp:127.0.0.1:3121
configparams mdm-detect-bscan-mask 2
targets -set -nocase -filter {name =~ "microblaze*#0" && bscan=="USER2"  && jtag_cable_name =~ "Digilent Basys3 210183B31B4FA"} -index 0
rst -processor
targets -set -nocase -filter {name =~ "microblaze*#0" && bscan=="USER2"  && jtag_cable_name =~ "Digilent Basys3 210183B31B4FA"} -index 0
dow C:/Users/Student/Desktop/152BFall25/CSM152B/Lab_3_3/Lab_3_3.sdk/ipi-gsg/Debug/ipi-gsg.elf
----------------End of Script----------------

11:03:38 INFO  : Memory regions updated for context PA
11:03:38 INFO  : Memory regions updated for context PA
11:03:38 INFO  : Context for processor 'microblaze_0' is selected.
11:03:38 INFO  : 'con' command is executed.
11:03:38 INFO  : ----------------XSDB Script (After Launch)----------------
targets -set -nocase -filter {name =~ "microblaze*#0" && bscan=="USER2"  && jtag_cable_name =~ "Digilent Basys3 210183B31B4FA"} -index 0
con
----------------End of Script----------------

11:03:38 INFO  : Launch script is exported to file 'C:\Users\Student\Desktop\152BFall25\CSM152B\Lab_3_3\Lab_3_3.sdk\.sdk\launch_scripts\xilinx_c-c++_application_(system_debugger)\system_debugger_using_debug_ipi-gsg.elf_on_local.tcl'
11:10:27 INFO  : Disconnected from the channel tcfchan#3.
11:10:28 INFO  : 'targets -set -filter {jtag_cable_name =~ "Digilent Basys3 210183B31B4FA" && level==0} -index 0' command is executed.
11:10:28 INFO  : 'fpga -state' command is executed.
11:10:28 INFO  : Connected to target on host '127.0.0.1' and port '3121'.
11:10:28 INFO  : Jtag cable 'Digilent Basys3 210183B31B4FA' is selected.
11:10:28 INFO  : 'jtag frequency' command is executed.
11:10:28 INFO  : 'configparams mdm-detect-bscan-mask 2' command is executed.
11:10:28 INFO  : Context for processor 'microblaze_0' is selected.
11:10:28 INFO  : Processor reset is completed for 'microblaze_0'.
11:10:28 INFO  : Context for processor 'microblaze_0' is selected.
11:10:29 INFO  : The application 'C:/Users/Student/Desktop/152BFall25/CSM152B/Lab_3_3/Lab_3_3.sdk/ipi-gsg/Debug/ipi-gsg.elf' is downloaded to processor 'microblaze_0'.
11:10:29 INFO  : ----------------XSDB Script----------------
connect -url tcp:127.0.0.1:3121
configparams mdm-detect-bscan-mask 2
targets -set -nocase -filter {name =~ "microblaze*#0" && bscan=="USER2"  && jtag_cable_name =~ "Digilent Basys3 210183B31B4FA"} -index 0
rst -processor
targets -set -nocase -filter {name =~ "microblaze*#0" && bscan=="USER2"  && jtag_cable_name =~ "Digilent Basys3 210183B31B4FA"} -index 0
dow C:/Users/Student/Desktop/152BFall25/CSM152B/Lab_3_3/Lab_3_3.sdk/ipi-gsg/Debug/ipi-gsg.elf
----------------End of Script----------------

11:10:29 INFO  : Memory regions updated for context PA
11:10:29 INFO  : Memory regions updated for context PA
11:10:29 INFO  : Context for processor 'microblaze_0' is selected.
11:10:29 INFO  : 'con' command is executed.
11:10:29 INFO  : ----------------XSDB Script (After Launch)----------------
targets -set -nocase -filter {name =~ "microblaze*#0" && bscan=="USER2"  && jtag_cable_name =~ "Digilent Basys3 210183B31B4FA"} -index 0
con
----------------End of Script----------------

11:10:29 INFO  : Launch script is exported to file 'C:\Users\Student\Desktop\152BFall25\CSM152B\Lab_3_3\Lab_3_3.sdk\.sdk\launch_scripts\xilinx_c-c++_application_(system_debugger)\system_debugger_using_debug_ipi-gsg.elf_on_local.tcl'
